"Operacao","Guid","CaminhoAntes","CaminhoDepois","GuidPreservado"
"MoveAsset","d950d171cf807e84990bda93d7df554e","Assets/anim","Assets/_Project/Animations","sim"
"MoveAsset","7253d6b59a81cc649a8e511e8ea7c8a8","Assets/anim/fase 1","Assets/_Project/Animations/Fase1","sim"
"MoveAsset","2c24db2ff7490bc4c9a4b6b14d0bdb32","Assets/anim/fase 1/dupaty","Assets/_Project/Animations/Fase1/Dupaty","sim"
"MoveAsset","5fd838880685c144ca6ac66c3ae63255","Assets/anim/fase 1/dupaty/dupaty.controller","Assets/_Project/Animations/Fase1/Dupaty/dupaty.controller","sim"
"MoveAsset","6ac1f95c82e25ae40b51fcce16d64f14","Assets/anim/fase 1/dupaty/idle dupaty.anim","Assets/_Project/Animations/Fase1/Dupaty/idle dupaty.anim","sim"
"MoveAsset","bd6bd1529545b464a9001ac477f064fd","Assets/anim/fase 1/marie","Assets/_Project/Animations/Fase1/Marie","sim"
"MoveAsset","ce330048c49bcbf45ab5125b2f2f7e93","Assets/anim/fase 1/marie/idle marie.anim","Assets/_Project/Animations/Fase1/Marie/idle marie.anim","sim"
"MoveAsset","0d07ca28a2c4230419bfc47a61139959","Assets/anim/fase 1/marie/marie.controller","Assets/_Project/Animations/Fase1/Marie/marie.controller","sim"
"MoveAsset","dd728389eb5117e43bc8089a3b6a1732","Assets/anim/fase 2","Assets/_Project/Animations/Fase2","sim"
"MoveAsset","977358c6ecf01a7429a76defda0719ff","Assets/anim/fase 2/jean","Assets/_Project/Animations/Fase2/Jean","sim"
"MoveAsset","e670a7f44c3239d43b6c60f676f67772","Assets/anim/fase 2/jean/jean baptiste.controller","Assets/_Project/Animations/Fase2/Jean/jean baptiste.controller","sim"
"MoveAsset","1ecf33eda7d40fa4282eae1ab9026614","Assets/anim/fase 2/jean/jean idle.anim","Assets/_Project/Animations/Fase2/Jean/jean idle.anim","sim"
"MoveAsset","1350430c4c8b1b84297f4a15ffb4576f","Assets/anim/fase 2/joalheiro","Assets/_Project/Animations/Fase2/Joalheiro","sim"
"MoveAsset","f7f34891862541144bc0b92616ef6b21","Assets/anim/fase 2/joalheiro/joalheiro idle.anim","Assets/_Project/Animations/Fase2/Joalheiro/joalheiro idle.anim","sim"
"MoveAsset","e0c86b83e8225a643b6f77c4a3e3d12e","Assets/anim/fase 2/joalheiro/joalheiro.controller","Assets/_Project/Animations/Fase2/Joalheiro/joalheiro.controller","sim"
"MoveAsset","de0dca57adaa34d4fabda66cc4079a0b","Assets/anim/fase 2/operario","Assets/_Project/Animations/Fase2/Operario","sim"
"MoveAsset","cf2ee2f478118bd4bb51976a7a935415","Assets/anim/fase 2/operario/idle operario.anim","Assets/_Project/Animations/Fase2/Operario/idle operario.anim","sim"
"MoveAsset","6203eb742273e98408ebc74ed9c20211","Assets/anim/fase 2/operario/operario.controller","Assets/_Project/Animations/Fase2/Operario/operario.controller","sim"
"MoveAsset","eb9b361e07e38e5408d503ef9f63c53f","Assets/anim/NPCAnimator.controller","Assets/_Project/Animations/NPCAnimator.controller","sim"
"MoveAsset","292e76b068ea0e145a4a93e5b5874567","Assets/anim/valois","Assets/_Project/Animations/Valois","sim"
"MoveAsset","8abfd50081ff3514ba26c57be1d82b90","Assets/anim/valois/idle valois.anim","Assets/_Project/Animations/Valois/idle valois.anim","sim"
"MoveAsset","fbedcf95b49fbc140a5a78d927f00ba1","Assets/anim/valois/PlayerAnimator.controller","Assets/_Project/Animations/Valois/PlayerAnimator.controller","sim"
"MoveAsset","ffe030ba2850908468b73372724ee010","Assets/anim/valois/walk.anim","Assets/_Project/Animations/Valois/walk.anim","sim"
"MoveAsset","9eddb99a14842ae48861a2ebf2ee7f7f","Assets/Sprites/Icons Android","Assets/_Project/Art/AppIcons","sim"
"MoveAsset","3e52bd6c8600491499a4dfc58a188992","Assets/Sprites/Icons Android/IMAGEN ANDROID.jpeg","Assets/_Project/Art/AppIcons/IMAGEN ANDROID.jpeg","sim"
"MoveAsset","00686c88b05951647b51535024ba7fa4","Assets/Sprites/personaegns","Assets/_Project/Art/Characters","sim"
"MoveAsset","02d34cfcb68dfdb449d7de6f08929a6f","Assets/Sprites/personaegns/dupaty.png","Assets/_Project/Art/Characters/dupaty.png","sim"
"MoveAsset","ac0ee27fde92cb64fb78b06019a11e82","Assets/Sprites/personaegns/dupaty-Sheet.png","Assets/_Project/Art/Characters/dupaty-Sheet.png","sim"
"MoveAsset","a438f03fd9d7b6f4db9cafcb6d566ae2","Assets/Sprites/personaegns/fase 2","Assets/_Project/Art/Characters/Fase2","sim"
"MoveAsset","87774148183a7664ca6c281441de94b5","Assets/Sprites/personaegns/fase 2/Jean-Baptiste Réveillon-Sheet.png","Assets/_Project/Art/Characters/Fase2/Jean-Baptiste Réveillon-Sheet.png","sim"
"MoveAsset","6a813e0ac750db64bb5e28a47c5c17cc","Assets/Sprites/personaegns/fase 2/joalheiro-idle-Sheet.png","Assets/_Project/Art/Characters/Fase2/joalheiro-idle-Sheet.png","sim"
"MoveAsset","4fbf0c67874bd9844bd13ea4f0da7599","Assets/Sprites/personaegns/fase 2/operario-Sheet.png","Assets/_Project/Art/Characters/Fase2/operario-Sheet.png","sim"
"MoveAsset","b27b1274e8d10a643b1b3d633ac85ca7","Assets/Sprites/personaegns/marie-Sheet.png","Assets/_Project/Art/Characters/marie-Sheet.png","sim"
"MoveAsset","17c71864c9d3bcb48895162f6dcfc9bc","Assets/Sprites/personaegns/valois-Sheet.png","Assets/_Project/Art/Characters/valois-Sheet.png","sim"
"MoveAsset","483a07c56525da54d81918808f10a2e3","Assets/Sprites/cenarios","Assets/_Project/Art/Environments","sim"
"MoveAsset","e6e4952cccc98f249848e531eea920a2","Assets/Sprites/cenarios/chão porao.png","Assets/_Project/Art/Environments/chão porao.png","sim"
"MoveAsset","382871f1d88c34f4499642c24b5e3418","Assets/Sprites/cenarios/chao.png","Assets/_Project/Art/Environments/chao.png","sim"
"MoveAsset","a1701a6f66fab664383bb2e653457b78","Assets/Sprites/cenarios/chao-rua.png","Assets/_Project/Art/Environments/chao-rua.png","sim"
"MoveAsset","2b1acb787c5883f48bfb5d47c3eec22a","Assets/Sprites/cenarios/escritorio.png","Assets/_Project/Art/Environments/escritorio.png","sim"
"MoveAsset","262b037b2b608f54b960190018282d47","Assets/Sprites/cenarios/porao.png","Assets/_Project/Art/Environments/porao.png","sim"
"MoveAsset","705e8246fa00713448f7e96322c59383","Assets/Sprites/cenarios/rua 2.png","Assets/_Project/Art/Environments/rua 2.png","sim"
"MoveAsset","3d911ef533e7ed64cb5708d673ed54b4","Assets/Sprites/objetos","Assets/_Project/Art/Props","sim"
"MoveAsset","45d6d820553a0f0469a5442c80bebe5f","Assets/Sprites/objetos/mesa.png","Assets/_Project/Art/Props/mesa.png","sim"
"MoveAsset","ae667e8c927d54648b5edb240f1ea036","Assets/Sprites/InterfaceButtons","Assets/_Project/Art/UI/Interface","sim"
"MoveAsset","dc7ca931de676604b824bccfa34eaa1a","Assets/Sprites/InterfaceButtons/barra1.png","Assets/_Project/Art/UI/Interface/barra1.png","sim"
"MoveAsset","b3de0378356a5cf4cb886c58c2efcb74","Assets/Sprites/InterfaceButtons/barra2.png","Assets/_Project/Art/UI/Interface/barra2.png","sim"
"MoveAsset","424ae8febb9a29f4ab8b14392bd39808","Assets/Sprites/InterfaceButtons/bookcase.png","Assets/_Project/Art/UI/Interface/bookcase.png","sim"
"MoveAsset","9b86682d099f34f42b31998ad31b378a","Assets/Sprites/InterfaceButtons/botão de créditos.png","Assets/_Project/Art/UI/Interface/botão de créditos.png","sim"
"MoveAsset","74e712313c415fe43849c6ef45b56519","Assets/Sprites/InterfaceButtons/botão de opções.png","Assets/_Project/Art/UI/Interface/botão de opções.png","sim"
"MoveAsset","558c16de040e6974d9827b1ed48b7e4e","Assets/Sprites/InterfaceButtons/botão de play.png","Assets/_Project/Art/UI/Interface/botão de play.png","sim"
"MoveAsset","bc793a51d0a1d3648bd9ca5eed485a88","Assets/Sprites/InterfaceButtons/botão de sair.png","Assets/_Project/Art/UI/Interface/botão de sair.png","sim"
"MoveAsset","2bb51f4bfdd9f15429042932a20935b0","Assets/Sprites/InterfaceButtons/button.png","Assets/_Project/Art/UI/Interface/button.png","sim"
"MoveAsset","84af5cb5764d9e84584a66180b4f063a","Assets/Sprites/InterfaceButtons/caixa de fala.png","Assets/_Project/Art/UI/Interface/caixa de fala.png","sim"
"MoveAsset","2b378c1565699dd4f8fa93ec44455ece","Assets/Sprites/InterfaceButtons/depoimento.png","Assets/_Project/Art/UI/Interface/depoimento.png","sim"
"MoveAsset","315973fdf3130f5439cbab19b7893f94","Assets/Sprites/InterfaceButtons/depoimento2.png","Assets/_Project/Art/UI/Interface/depoimento2.png","sim"
"MoveAsset","cc63286886dd61443952a457bbcc2c61","Assets/Sprites/InterfaceButtons/depoimento3.png","Assets/_Project/Art/UI/Interface/depoimento3.png","sim"
"MoveAsset","5cdee8b608acb3f44acd6c6f984a83bb","Assets/Sprites/InterfaceButtons/depoimento4.png","Assets/_Project/Art/UI/Interface/depoimento4.png","sim"
"MoveAsset","231281618cdded844a51534e6644473c","Assets/Sprites/InterfaceButtons/depoimento5.png","Assets/_Project/Art/UI/Interface/depoimento5.png","sim"
"MoveAsset","2110574a62c930449b6a46e277d6df0b","Assets/Sprites/InterfaceButtons/depoimento6.png","Assets/_Project/Art/UI/Interface/depoimento6.png","sim"
"MoveAsset","ab4892c7e9c60634294c901c43a0983d","Assets/Sprites/InterfaceButtons/iconbar.png","Assets/_Project/Art/UI/Interface/iconbar.png","sim"
"MoveAsset","48627c423f795ac49a136a3fcafb8077","Assets/Sprites/InterfaceButtons/livro.png","Assets/_Project/Art/UI/Interface/livro.png","sim"
"MoveAsset","57ff1823bd2aa5343ad1374382fc5a9e","Assets/Sprites/MenuDetails","Assets/_Project/Art/UI/Menu","sim"
"MoveAsset","446f377be1467524786a8619a5fc7370","Assets/Sprites/MenuDetails/1_GIfJwAgP09Gi1C3VhNobEw.jpg","Assets/_Project/Art/UI/Menu/1_GIfJwAgP09Gi1C3VhNobEw.jpg","sim"
"MoveAsset","681e92cf1d08e574fb8665c1dffc2ec2","Assets/Sprites/MenuDetails/105804-shyshswgls-1542362775.jpeg","Assets/_Project/Art/UI/Menu/105804-shyshswgls-1542362775.jpeg","sim"
"MoveAsset","b31e4ef0656e94f45a93b0d0b27ada63","Assets/Sprites/MenuDetails/113-1136458_paint-splatter-splash-ink-drop-splattered-paint-drop-png-free.png","Assets/_Project/Art/UI/Menu/113-1136458_paint-splatter-splash-ink-drop-splattered-paint-drop-png-free.png","sim"
"MoveAsset","3d0689dc1fcf78645af1e7240f3d3b30","Assets/Sprites/MenuDetails/15689.jpg","Assets/_Project/Art/UI/Menu/15689.jpg","sim"
"MoveAsset","81a3bd34dfae60c4381f7deeb86b3bfb","Assets/Sprites/MenuDetails/176444-200.png","Assets/_Project/Art/UI/Menu/176444-200.png","sim"
"MoveAsset","fc9b2aab95aaf504f90253306cbbb675","Assets/Sprites/MenuDetails/374019-200.png","Assets/_Project/Art/UI/Menu/374019-200.png","sim"
"MoveAsset","7a2aaec26aa87c640bea172debd950e3","Assets/Sprites/MenuDetails/3872532.jpg","Assets/_Project/Art/UI/Menu/3872532.jpg","sim"
"MoveAsset","46ea693d52347ec45b29cc0917c4094f","Assets/Sprites/MenuDetails/967-9679466_free-png-download-ink-splash-png-png-images.png","Assets/_Project/Art/UI/Menu/967-9679466_free-png-download-ink-splash-png-png-images.png","sim"
"MoveAsset","79b063e6fa087f34e9941dca6e4c871a","Assets/Sprites/MenuDetails/Black-Splat-PNG-Transparent.png","Assets/_Project/Art/UI/Menu/Black-Splat-PNG-Transparent.png","sim"
"MoveAsset","2b0ad8194657d2646b7acbdbe4276c7a","Assets/Sprites/MenuDetails/Classificação_Indicativa_16_anos.svg.png","Assets/_Project/Art/UI/Menu/Classificação_Indicativa_16_anos.svg.png","sim"
"MoveAsset","7919abbd13e73564a8190c904d5abf25","Assets/Sprites/MenuDetails/Journée_des_Tuiles_(Alexandre_Debelle),_Musée_de_la_Révolution_française_-_Vizille.jpg","Assets/_Project/Art/UI/Menu/Journée_des_Tuiles_(Alexandre_Debelle),_Musée_de_la_Révolution_française_-_Vizille.jpg","sim"
"MoveAsset","b2bb80b0c42cdd84889695ff162a2962","Assets/Sprites/MenuDetails/pngtree-aged-parchment-with-faded-script-rests-on-wood-image_16688678.jpg","Assets/_Project/Art/UI/Menu/pngtree-aged-parchment-with-faded-script-rests-on-wood-image_16688678.jpg","sim"
"MoveAsset","70df3a0c3e1421643a4c23015bb6c410","Assets/Sprites/MenuDetails/vibrant-red-wax-seal-with-a-textured-surface-and-glossy-shine-cut-out-transparent-png.png","Assets/_Project/Art/UI/Menu/vibrant-red-wax-seal-with-a-textured-surface-and-glossy-shine-cut-out-transparent-png.png","sim"
"MoveAsset","6399e25a1082bec41992b2d5e6adf36c","Assets/Sprites/paper-scroll-banner-3.png","Assets/_Project/Art/UI/paper-scroll-banner-3.png","sim"
"MoveAsset","747c043ab5db443d8c2c18dbdbbf21d2","Assets/Sprites/SetaAlcapao.png","Assets/_Project/Art/UI/SetaAlcapao.png","sim"
"MoveAsset","e81c335429c7f5a4ba5feef8e31418d8","Assets/Fonts","Assets/_Project/Fonts","sim"
"MoveAsset","ee04d5259065b2044842c83f67f097c3","Assets/Fonts/Cinzel-Regular SDF.asset","Assets/_Project/Fonts/Cinzel-Regular SDF.asset","sim"
"MoveAsset","d0260749ec780ab4ea3019b593361900","Assets/Fonts/Cinzel-Regular.ttf","Assets/_Project/Fonts/Cinzel-Regular.ttf","sim"
"MoveAsset","4c4300ee113bc7e4bad0530f1fa78bbc","Assets/Fonts/Cinzel-VariableFont_wght SDF aaa.asset","Assets/_Project/Fonts/Cinzel-VariableFont_wght SDF aaa.asset","sim"
"MoveAsset","1317b05940543754c91519025e09ce5a","Assets/Fonts/Cinzel-VariableFont_wght SDF.asset","Assets/_Project/Fonts/Cinzel-VariableFont_wght SDF.asset","sim"
"MoveAsset","4d1925ef52557a6449084b16a8b263fa","Assets/Fonts/Cinzel-VariableFont_wght.ttf","Assets/_Project/Fonts/Cinzel-VariableFont_wght.ttf","sim"
"MoveAsset","13f6be11314d9ce43bd0fce9ede4b3c7","Assets/Fonts/Menuetto SDF com acento.asset","Assets/_Project/Fonts/Menuetto SDF com acento.asset","sim"
"MoveAsset","8e45946f0ccb1864eb6b2e850eaa6111","Assets/Fonts/Menuetto.ttf","Assets/_Project/Fonts/Menuetto.ttf","sim"
"MoveAsset","d7e1659502ba89b44a64e21763f984dd","Assets/Fonts/Parix-Hybrid111R SDF.asset","Assets/_Project/Fonts/Parix-Hybrid111R SDF.asset","sim"
"MoveAsset","73d5a38d29378c24ca5b6e82701fa097","Assets/Fonts/Parix-Hybrid111R.otf","Assets/_Project/Fonts/Parix-Hybrid111R.otf","sim"
"MoveAsset","beadbe1cb597dec4bb8b306609637efe","Assets/Fonts/VT323-Regular SDF.asset","Assets/_Project/Fonts/VT323-Regular SDF.asset","sim"
"MoveAsset","b9da7c158c7b1504d9e8eb3f1a5ac165","Assets/Fonts/VT323-Regular.ttf","Assets/_Project/Fonts/VT323-Regular.ttf","sim"
"MoveAsset","3590b91b4603b465dbb4216d601bff33","Assets/PlayerControls.inputactions","Assets/_Project/Input/PlayerControls.inputactions","sim"
"MoveAsset","8a7a0d53dd439fb4981e48f2bc8bcd6d","Assets/Prefab","Assets/_Project/Prefabs","sim"
"MoveAsset","aa70507e4bee4b24686000583922dcf2","Assets/Prefab/ButtonChoise.prefab","Assets/_Project/Prefabs/ButtonChoise.prefab","sim"
"MoveAsset","892d5fc968488234e99fd357efb46f72","Assets/Prefab/CartaoPrefab.prefab","Assets/_Project/Prefabs/CartaoPrefab.prefab","sim"
"MoveAsset","0297e90a85155ac4f97d902242847821","Assets/Prefab/Charles Dupaty.prefab","Assets/_Project/Prefabs/Charles Dupaty.prefab","sim"
"MoveAsset","d560e88dbbdf5a14982d2e20e077ecd7","Assets/Prefab/CinemachineCamera.prefab","Assets/_Project/Prefabs/CinemachineCamera.prefab","sim"
"MoveAsset","fd6f672e62297bf41b324d24d968ce00","Assets/Prefab/DialogueManager.prefab","Assets/_Project/Prefabs/DialogueManager.prefab","sim"
"MoveAsset","3cd5f1f6727eff64e9c10cb3098d7852","Assets/Prefab/GameManager.prefab","Assets/_Project/Prefabs/GameManager.prefab","sim"
"MoveAsset","d08f44374a9aefa46a49963596275713","Assets/Prefab/InventoryManager.prefab","Assets/_Project/Prefabs/InventoryManager.prefab","sim"
"MoveAsset","b9c4c025eecff494985682f25b6bcd5c","Assets/Prefab/Main Camera.prefab","Assets/_Project/Prefabs/Main Camera.prefab","sim"
"MoveAsset","f725072d2077ebb4d89d2afca230bd5b","Assets/Prefab/Marie Bradier.prefab","Assets/_Project/Prefabs/Marie Bradier.prefab","sim"
"MoveAsset","d2793b8f4b95492418d71fa9667a3fcf","Assets/Prefab/MobileControlsUI.prefab","Assets/_Project/Prefabs/MobileControlsUI.prefab","sim"
"MoveAsset","40c6e5d22898a1441913d5977b55aa9e","Assets/Prefab/NPCBasic.prefab","Assets/_Project/Prefabs/NPCBasic.prefab","sim"
"MoveAsset","27978c9f3e01b5b48b596fbd6567db68","Assets/Prefab/Player.prefab","Assets/_Project/Prefabs/Player.prefab","sim"
"MoveAsset","5c5e87e2f8a5d5a4fa70e2f1f7c9062e","Assets/Prefab/Porta.prefab","Assets/_Project/Prefabs/Porta.prefab","sim"
"MoveAsset","808e88043f9b00b488697c5805fc4b0a","Assets/Prefab/SceneTransitonManager.prefab","Assets/_Project/Prefabs/SceneTransitonManager.prefab","sim"
"MoveAsset","2225bda1241b6d744bf3da96dd65077f","Assets/Prefab/UI.prefab","Assets/_Project/Prefabs/UI.prefab","sim"
"MoveAsset","60fc7d7288f4653439b29fda33ba8400","Assets/Prefab/UI_Inventory.prefab","Assets/_Project/Prefabs/UI_Inventory.prefab","sim"
"MoveAsset","c35bde1f26fd98d478464cd58b0f2818","Assets/Scenes","Assets/_Project/Scenes","sim"
"MoveAsset","e4274bb521d23c840a522e5ff267e6e1","Assets/Scenes/Fase2.unity","Assets/_Project/Scenes/Fase2.unity","sim"
"MoveAsset","64243bc783baf594d9895ae4c6feb4d9","Assets/Scenes/Fase3.unity","Assets/_Project/Scenes/Fase3.unity","sim"
"MoveAsset","d0e720616bac7da4e9c3fe2e9bed779c","Assets/Scenes/Fase4.unity","Assets/_Project/Scenes/Fase4.unity","sim"
"MoveAsset","98671fe7c8eb5074299c790d10c6b5d0","Assets/Scenes/Jogo.unity","Assets/_Project/Scenes/Jogo.unity","sim"
"MoveAsset","360e838cdfa449d45a3d8443d8821cc5","Assets/Scenes/menu principal.unity","Assets/_Project/Scenes/menu principal.unity","sim"
"MoveAsset","2ea72e12083778145bd2ab8642f8015a","Assets/Scenes/Porao.unity","Assets/_Project/Scenes/Porao.unity","sim"
"MoveAsset","ee9dfd2e1e47a984caf3e0e5c48a36eb","Assets/Scenes/Tribunal.unity","Assets/_Project/Scenes/Tribunal.unity","sim"
"MoveAsset","14942c68c3a4e324f8409ad1a236280d","Assets/Casos","Assets/_Project/ScriptableObjects/Cases","sim"
"MoveAsset","b99399b53452a104cb61b79679b4143a","Assets/Casos/Caso_Assignats.asset","Assets/_Project/ScriptableObjects/Cases/Caso_Assignats.asset","sim"
"MoveAsset","73a5be01c9ae5f04aab1674e5b9ae41e","Assets/Casos/Caso_ChampDeMars.asset","Assets/_Project/ScriptableObjects/Cases/Caso_ChampDeMars.asset","sim"
"MoveAsset","601ee477e42dfde4086e7ed9a661ccf7","Assets/Casos/Caso_Girondina.asset","Assets/_Project/ScriptableObjects/Cases/Caso_Girondina.asset","sim"
"MoveAsset","7a0e078f8e986e941b027cfc9a522d2f","Assets/Casos/Caso_Joalheiro.asset","Assets/_Project/ScriptableObjects/Cases/Caso_Joalheiro.asset","sim"
"MoveAsset","917d88bbcfe670d4ea21a881e3662a0b","Assets/Casos/Caso_Jornalista.asset","Assets/_Project/ScriptableObjects/Cases/Caso_Jornalista.asset","sim"
"MoveAsset","08a12328210a2ab45b8948af72c05f4e","Assets/Casos/Caso_Negociante.asset","Assets/_Project/ScriptableObjects/Cases/Caso_Negociante.asset","sim"
"MoveAsset","676909893d4417d48b2f48221a0754fe","Assets/Casos/Caso_Operario.asset","Assets/_Project/ScriptableObjects/Cases/Caso_Operario.asset","sim"
"MoveAsset","5c0733705941aa94db8fdec6796223e7","Assets/Casos/Caso_Reveillon.asset","Assets/_Project/ScriptableObjects/Cases/Caso_Reveillon.asset","sim"
"MoveAsset","d0bd65d553c918045aaf794e01462c68","Assets/Casos/Caso_Tutorial.asset","Assets/_Project/ScriptableObjects/Cases/Caso_Tutorial.asset","sim"
"MoveAsset","3e7ab311bd5b0034291b6ef03cba9565","Assets/Casos/Caso_Varennes.asset","Assets/_Project/ScriptableObjects/Cases/Caso_Varennes.asset","sim"
"MoveAsset","b0e4f95b27bf12846ba37f3cc7abdbb4","Assets/Dialogos","Assets/_Project/ScriptableObjects/Dialogues","sim"
"MoveAsset","89e95b2bcf85d794c92fa04709962074","Assets/Dialogos/Campanha","Assets/_Project/ScriptableObjects/Dialogues/Campanha","sim"
"MoveAsset","45434eac236c82f48b5a29a9f4a76c0c","Assets/Dialogos/Campanha/Fase2","Assets/_Project/ScriptableObjects/Dialogues/Campanha/Fase2","sim"
"MoveAsset","63bc0bacd86be554283bd0ec87d8d056","Assets/Dialogos/Campanha/Fase2/Gazeteiro_Caso_Joalheiro.asset","Assets/_Project/ScriptableObjects/Dialogues/Campanha/Fase2/Gazeteiro_Caso_Joalheiro.asset","sim"
"MoveAsset","fb03d0b221262ce418fbbe1c5b7b2dc1","Assets/Dialogos/Campanha/Fase2/Gazeteiro_Caso_Joalheiro_R1.asset","Assets/_Project/ScriptableObjects/Dialogues/Campanha/Fase2/Gazeteiro_Caso_Joalheiro_R1.asset","sim"
"MoveAsset","893d7e352df0a5d48a29c72cfbea9e09","Assets/Dialogos/Campanha/Fase2/Gazeteiro_Caso_Joalheiro_R2.asset","Assets/_Project/ScriptableObjects/Dialogues/Campanha/Fase2/Gazeteiro_Caso_Joalheiro_R2.asset","sim"
"MoveAsset","1afa81aefba06cf418d00c43c24b84ab","Assets/Dialogos/Campanha/Fase2/Gazeteiro_Caso_Operario.asset","Assets/_Project/ScriptableObjects/Dialogues/Campanha/Fase2/Gazeteiro_Caso_Operario.asset","sim"
"MoveAsset","06eac12a90ea5174ea1a6ef98b7be421","Assets/Dialogos/Campanha/Fase2/Gazeteiro_Caso_Reveillon.asset","Assets/_Project/ScriptableObjects/Dialogues/Campanha/Fase2/Gazeteiro_Caso_Reveillon.asset","sim"
"MoveAsset","283c4a3e844bd1c478608b147eebbfa1","Assets/Dialogos/Campanha/Fase2/Gazeteiro_Caso_Reveillon_R1.asset","Assets/_Project/ScriptableObjects/Dialogues/Campanha/Fase2/Gazeteiro_Caso_Reveillon_R1.asset","sim"
"MoveAsset","cb79d6d5096b6af48889ccf2ecee8289","Assets/Dialogos/Campanha/Fase2/Gazeteiro_Caso_Reveillon_R2.asset","Assets/_Project/ScriptableObjects/Dialogues/Campanha/Fase2/Gazeteiro_Caso_Reveillon_R2.asset","sim"
"MoveAsset","a3dec06e5ca69024381e4313095d301d","Assets/Dialogos/Campanha/Fase2/Gazeteiro_Padrao.asset","Assets/_Project/ScriptableObjects/Dialogues/Campanha/Fase2/Gazeteiro_Padrao.asset","sim"
"MoveAsset","34535927c7e7f4145bc38beb3f512b2b","Assets/Dialogos/Campanha/Fase2/Jean-Baptiste Réveillon_Caso_Joalheiro.asset","Assets/_Project/ScriptableObjects/Dialogues/Campanha/Fase2/Jean-Baptiste Réveillon_Caso_Joalheiro.asset","sim"
"MoveAsset","7c95b26c8719f1f4caba6a2b31ef35e7","Assets/Dialogos/Campanha/Fase2/Jean-Baptiste Réveillon_Caso_Operario.asset","Assets/_Project/ScriptableObjects/Dialogues/Campanha/Fase2/Jean-Baptiste Réveillon_Caso_Operario.asset","sim"
"MoveAsset","7a2c1a065f1a30747a4299e4185b59c9","Assets/Dialogos/Campanha/Fase2/Jean-Baptiste Réveillon_Caso_Operario_R1.asset","Assets/_Project/ScriptableObjects/Dialogues/Campanha/Fase2/Jean-Baptiste Réveillon_Caso_Operario_R1.asset","sim"
"MoveAsset","4c87915754932a649bff4939f997e78a","Assets/Dialogos/Campanha/Fase2/Jean-Baptiste Réveillon_Caso_Operario_R2.asset","Assets/_Project/ScriptableObjects/Dialogues/Campanha/Fase2/Jean-Baptiste Réveillon_Caso_Operario_R2.asset","sim"
"MoveAsset","7fd0dc9ff3ce86f4fbb148e0b39f5d0c","Assets/Dialogos/Campanha/Fase2/Jean-Baptiste Réveillon_Padrao.asset","Assets/_Project/ScriptableObjects/Dialogues/Campanha/Fase2/Jean-Baptiste Réveillon_Padrao.asset","sim"
"MoveAsset","aa06c1ba08557374386fd8e9800034d8","Assets/Dialogos/Campanha/Fase2/Joalheiro_Caso_Operario.asset","Assets/_Project/ScriptableObjects/Dialogues/Campanha/Fase2/Joalheiro_Caso_Operario.asset","sim"
"MoveAsset","67268e100ee365e46972cc7874ef3843","Assets/Dialogos/Campanha/Fase2/Joalheiro_Caso_Reveillon.asset","Assets/_Project/ScriptableObjects/Dialogues/Campanha/Fase2/Joalheiro_Caso_Reveillon.asset","sim"
"MoveAsset","94bfe81eb51fa334a93e92b55c4eee9b","Assets/Dialogos/Campanha/Fase2/Joalheiro_Padrao.asset","Assets/_Project/ScriptableObjects/Dialogues/Campanha/Fase2/Joalheiro_Padrao.asset","sim"
"MoveAsset","419ad3bf2df675a48b7e72184c6ca373","Assets/Dialogos/Campanha/Fase2/Operario_Caso_Joalheiro.asset","Assets/_Project/ScriptableObjects/Dialogues/Campanha/Fase2/Operario_Caso_Joalheiro.asset","sim"
"MoveAsset","9ef41fa4ea3e5084980a14781c5aef8d","Assets/Dialogos/Campanha/Fase2/Operario_Caso_Reveillon.asset","Assets/_Project/ScriptableObjects/Dialogues/Campanha/Fase2/Operario_Caso_Reveillon.asset","sim"
"MoveAsset","2efb6109c69c7ff4bb22950a49ce4e84","Assets/Dialogos/Campanha/Fase2/Operario_Caso_Reveillon_R1.asset","Assets/_Project/ScriptableObjects/Dialogues/Campanha/Fase2/Operario_Caso_Reveillon_R1.asset","sim"
"MoveAsset","8264a95fd907fd342b234365558a68fb","Assets/Dialogos/Campanha/Fase2/Operario_Caso_Reveillon_R2.asset","Assets/_Project/ScriptableObjects/Dialogues/Campanha/Fase2/Operario_Caso_Reveillon_R2.asset","sim"
"MoveAsset","0a32b1a765e3f96479a00a7affa9b845","Assets/Dialogos/Campanha/Fase2/Operario_Padrao.asset","Assets/_Project/ScriptableObjects/Dialogues/Campanha/Fase2/Operario_Padrao.asset","sim"
"MoveAsset","4c8ffb6ec7008dc4d82e3bfc0f67c5e5","Assets/Dialogos/Campanha/Fase3","Assets/_Project/ScriptableObjects/Dialogues/Campanha/Fase3","sim"
"MoveAsset","ad679da8467fed34d9e8b6b5163d3543","Assets/Dialogos/Campanha/Fase3/CocheiroJoubert_Caso_Assignats.asset","Assets/_Project/ScriptableObjects/Dialogues/Campanha/Fase3/CocheiroJoubert_Caso_Assignats.asset","sim"
"MoveAsset","83e27a2f71b2bb34cb45e2fd5cce3829","Assets/Dialogos/Campanha/Fase3/CocheiroJoubert_Caso_Assignats_R1.asset","Assets/_Project/ScriptableObjects/Dialogues/Campanha/Fase3/CocheiroJoubert_Caso_Assignats_R1.asset","sim"
"MoveAsset","18d9a9a661786124fb3a4bcf235ca02c","Assets/Dialogos/Campanha/Fase3/CocheiroJoubert_Caso_Assignats_R2.asset","Assets/_Project/ScriptableObjects/Dialogues/Campanha/Fase3/CocheiroJoubert_Caso_Assignats_R2.asset","sim"
"MoveAsset","e1ad777131ebd754c941f860b0f7e4c6","Assets/Dialogos/Campanha/Fase3/CocheiroJoubert_Caso_ChampDeMars.asset","Assets/_Project/ScriptableObjects/Dialogues/Campanha/Fase3/CocheiroJoubert_Caso_ChampDeMars.asset","sim"
"MoveAsset","64c8e2d5365744f4fac78199324ed899","Assets/Dialogos/Campanha/Fase3/CocheiroJoubert_Caso_Varennes.asset","Assets/_Project/ScriptableObjects/Dialogues/Campanha/Fase3/CocheiroJoubert_Caso_Varennes.asset","sim"
"MoveAsset","22d4691e120782745b48692ddc735a34","Assets/Dialogos/Campanha/Fase3/CocheiroJoubert_Caso_Varennes_Depois.asset","Assets/_Project/ScriptableObjects/Dialogues/Campanha/Fase3/CocheiroJoubert_Caso_Varennes_Depois.asset","sim"
"MoveAsset","a4424cf6c80aac34e95c1403b1c3dca2","Assets/Dialogos/Campanha/Fase3/CocheiroJoubert_Caso_Varennes_R1.asset","Assets/_Project/ScriptableObjects/Dialogues/Campanha/Fase3/CocheiroJoubert_Caso_Varennes_R1.asset","sim"
"MoveAsset","c24af45a7fed57d4ba63dc190723138e","Assets/Dialogos/Campanha/Fase3/CocheiroJoubert_Caso_Varennes_R2.asset","Assets/_Project/ScriptableObjects/Dialogues/Campanha/Fase3/CocheiroJoubert_Caso_Varennes_R2.asset","sim"
"MoveAsset","de9bb1be92fa78d4ba89fd9c4b32b6d3","Assets/Dialogos/Campanha/Fase3/CocheiroJoubert_Caso_Varennes_R3.asset","Assets/_Project/ScriptableObjects/Dialogues/Campanha/Fase3/CocheiroJoubert_Caso_Varennes_R3.asset","sim"
"MoveAsset","d6d850ff0f39c99429c64eedb85a6c8a","Assets/Dialogos/Campanha/Fase3/CocheiroJoubert_Caso_Varennes_recibo_da_estalagem.asset","Assets/_Project/ScriptableObjects/Dialogues/Campanha/Fase3/CocheiroJoubert_Caso_Varennes_recibo_da_estalagem.asset","sim"
"MoveAsset","5f93831dd2c764c40b3bca252058948c","Assets/Dialogos/Campanha/Fase3/CocheiroJoubert_Padrao.asset","Assets/_Project/ScriptableObjects/Dialogues/Campanha/Fase3/CocheiroJoubert_Padrao.asset","sim"
"MoveAsset","d63e7c9d15e11b143a34e8ae60c35dd7","Assets/Dialogos/Campanha/Fase3/GeorgesDanton_Caso_Assignats.asset","Assets/_Project/ScriptableObjects/Dialogues/Campanha/Fase3/GeorgesDanton_Caso_Assignats.asset","sim"
"MoveAsset","3a6ab27d4ff371744967322468d6f5e5","Assets/Dialogos/Campanha/Fase3/GeorgesDanton_Caso_ChampDeMars.asset","Assets/_Project/ScriptableObjects/Dialogues/Campanha/Fase3/GeorgesDanton_Caso_ChampDeMars.asset","sim"
"MoveAsset","26bebc200da5f89409b900cd537e6954","Assets/Dialogos/Campanha/Fase3/GeorgesDanton_Caso_ChampDeMars_R1.asset","Assets/_Project/ScriptableObjects/Dialogues/Campanha/Fase3/GeorgesDanton_Caso_ChampDeMars_R1.asset","sim"
"MoveAsset","67a738b53b4aebc42950ba0089372419","Assets/Dialogos/Campanha/Fase3/GeorgesDanton_Caso_ChampDeMars_R2.asset","Assets/_Project/ScriptableObjects/Dialogues/Campanha/Fase3/GeorgesDanton_Caso_ChampDeMars_R2.asset","sim"
"MoveAsset","57ae423051e18734498f951dca60122d","Assets/Dialogos/Campanha/Fase3/GeorgesDanton_Caso_ChampDeMars_R3.asset","Assets/_Project/ScriptableObjects/Dialogues/Campanha/Fase3/GeorgesDanton_Caso_ChampDeMars_R3.asset","sim"
"MoveAsset","14aa9b758a54bbd41b4773a7c7b71d8f","Assets/Dialogos/Campanha/Fase3/GeorgesDanton_Caso_Varennes.asset","Assets/_Project/ScriptableObjects/Dialogues/Campanha/Fase3/GeorgesDanton_Caso_Varennes.asset","sim"
"MoveAsset","27ffcde5f0c60e64493c4ee4bc14cdc8","Assets/Dialogos/Campanha/Fase3/GeorgesDanton_Caso_Varennes_R1.asset","Assets/_Project/ScriptableObjects/Dialogues/Campanha/Fase3/GeorgesDanton_Caso_Varennes_R1.asset","sim"
"MoveAsset","1551a46e9a35b524f85b3518b2eb164a","Assets/Dialogos/Campanha/Fase3/GeorgesDanton_Caso_Varennes_R2.asset","Assets/_Project/ScriptableObjects/Dialogues/Campanha/Fase3/GeorgesDanton_Caso_Varennes_R2.asset","sim"
"MoveAsset","6eb9bb737b495714b890c87b8fd7db16","Assets/Dialogos/Campanha/Fase3/GeorgesDanton_Padrao.asset","Assets/_Project/ScriptableObjects/Dialogues/Campanha/Fase3/GeorgesDanton_Padrao.asset","sim"
"MoveAsset","9b750ab595a349e44a1866a3723238e8","Assets/Dialogos/Campanha/Fase3/GravadorMorel_Caso_Assignats.asset","Assets/_Project/ScriptableObjects/Dialogues/Campanha/Fase3/GravadorMorel_Caso_Assignats.asset","sim"
"MoveAsset","99bffeaa80e8f5947b842db7d5955050","Assets/Dialogos/Campanha/Fase3/GravadorMorel_Caso_Assignats_R1.asset","Assets/_Project/ScriptableObjects/Dialogues/Campanha/Fase3/GravadorMorel_Caso_Assignats_R1.asset","sim"
"MoveAsset","ad730ee5701170d479b112cc53978a46","Assets/Dialogos/Campanha/Fase3/GravadorMorel_Caso_Assignats_R2.asset","Assets/_Project/ScriptableObjects/Dialogues/Campanha/Fase3/GravadorMorel_Caso_Assignats_R2.asset","sim"
"MoveAsset","d34cf01eb5a6a1e4ba051bbf17ec3b28","Assets/Dialogos/Campanha/Fase3/GravadorMorel_Caso_Assignats_R3.asset","Assets/_Project/ScriptableObjects/Dialogues/Campanha/Fase3/GravadorMorel_Caso_Assignats_R3.asset","sim"
"MoveAsset","bae704ebb10eeb740b1ed8c933410216","Assets/Dialogos/Campanha/Fase3/GravadorMorel_Caso_ChampDeMars.asset","Assets/_Project/ScriptableObjects/Dialogues/Campanha/Fase3/GravadorMorel_Caso_ChampDeMars.asset","sim"
"MoveAsset","511557f9a596d5946bac5c294766acad","Assets/Dialogos/Campanha/Fase3/GravadorMorel_Caso_Varennes.asset","Assets/_Project/ScriptableObjects/Dialogues/Campanha/Fase3/GravadorMorel_Caso_Varennes.asset","sim"
"MoveAsset","4fce3c72b31904f4ba3eb532dc2b91b2","Assets/Dialogos/Campanha/Fase3/GravadorMorel_Padrao.asset","Assets/_Project/ScriptableObjects/Dialogues/Campanha/Fase3/GravadorMorel_Padrao.asset","sim"
"MoveAsset","f6a4f2f69ab4b024987ec3954cbf8995","Assets/Dialogos/Campanha/Fase3/PeticionariaLacombe_Caso_Assignats.asset","Assets/_Project/ScriptableObjects/Dialogues/Campanha/Fase3/PeticionariaLacombe_Caso_Assignats.asset","sim"
"MoveAsset","6e41ac65d4254ff48b358c1e51d5e873","Assets/Dialogos/Campanha/Fase3/PeticionariaLacombe_Caso_ChampDeMars.asset","Assets/_Project/ScriptableObjects/Dialogues/Campanha/Fase3/PeticionariaLacombe_Caso_ChampDeMars.asset","sim"
"MoveAsset","c39a9c633b53fbb4c8cdffc455870158","Assets/Dialogos/Campanha/Fase3/PeticionariaLacombe_Caso_ChampDeMars_Depois.asset","Assets/_Project/ScriptableObjects/Dialogues/Campanha/Fase3/PeticionariaLacombe_Caso_ChampDeMars_Depois.asset","sim"
"MoveAsset","7cc7f3917ad81e944af586d173862871","Assets/Dialogos/Campanha/Fase3/PeticionariaLacombe_Caso_ChampDeMars_R1.asset","Assets/_Project/ScriptableObjects/Dialogues/Campanha/Fase3/PeticionariaLacombe_Caso_ChampDeMars_R1.asset","sim"
"MoveAsset","18d503be425caac46982581696019847","Assets/Dialogos/Campanha/Fase3/PeticionariaLacombe_Caso_ChampDeMars_R2.asset","Assets/_Project/ScriptableObjects/Dialogues/Campanha/Fase3/PeticionariaLacombe_Caso_ChampDeMars_R2.asset","sim"
"MoveAsset","242599a0d212dfc4d835716fea4713d6","Assets/Dialogos/Campanha/Fase3/PeticionariaLacombe_Caso_ChampDeMars_R3.asset","Assets/_Project/ScriptableObjects/Dialogues/Campanha/Fase3/PeticionariaLacombe_Caso_ChampDeMars_R3.asset","sim"
"MoveAsset","66bb0c6b03e45344ca84eb85cc80a1f1","Assets/Dialogos/Campanha/Fase3/PeticionariaLacombe_Caso_Varennes.asset","Assets/_Project/ScriptableObjects/Dialogues/Campanha/Fase3/PeticionariaLacombe_Caso_Varennes.asset","sim"
"MoveAsset","22ef7dcc8ffe9674fb60d6fedffee3fe","Assets/Dialogos/Campanha/Fase3/PeticionariaLacombe_Padrao.asset","Assets/_Project/ScriptableObjects/Dialogues/Campanha/Fase3/PeticionariaLacombe_Padrao.asset","sim"
"MoveAsset","04897fc5abd573146b4234fdb5b8070d","Assets/Dialogos/Campanha/Fase3/ViuvaFrancois_Caso_Assignats.asset","Assets/_Project/ScriptableObjects/Dialogues/Campanha/Fase3/ViuvaFrancois_Caso_Assignats.asset","sim"
"MoveAsset","ab3a4b8d8bfd9d54fab4bd7adfc6d36c","Assets/Dialogos/Campanha/Fase3/ViuvaFrancois_Caso_Assignats_Depois.asset","Assets/_Project/ScriptableObjects/Dialogues/Campanha/Fase3/ViuvaFrancois_Caso_Assignats_Depois.asset","sim"
"MoveAsset","4c7b2ccde109544438e01e88b5b01f67","Assets/Dialogos/Campanha/Fase3/ViuvaFrancois_Caso_Assignats_R1.asset","Assets/_Project/ScriptableObjects/Dialogues/Campanha/Fase3/ViuvaFrancois_Caso_Assignats_R1.asset","sim"
"MoveAsset","20f404754d3f7ae40a38fbf4f8aa3303","Assets/Dialogos/Campanha/Fase3/ViuvaFrancois_Caso_Assignats_R2.asset","Assets/_Project/ScriptableObjects/Dialogues/Campanha/Fase3/ViuvaFrancois_Caso_Assignats_R2.asset","sim"
"MoveAsset","a40f2a3e184267d46bda95532dec6f24","Assets/Dialogos/Campanha/Fase3/ViuvaFrancois_Caso_ChampDeMars.asset","Assets/_Project/ScriptableObjects/Dialogues/Campanha/Fase3/ViuvaFrancois_Caso_ChampDeMars.asset","sim"
"MoveAsset","0fee315acbdf17b4a8e0805ec99cff28","Assets/Dialogos/Campanha/Fase3/ViuvaFrancois_Caso_ChampDeMars_R1.asset","Assets/_Project/ScriptableObjects/Dialogues/Campanha/Fase3/ViuvaFrancois_Caso_ChampDeMars_R1.asset","sim"
"MoveAsset","dd4b74e371f190e459c6b39514a12c0e","Assets/Dialogos/Campanha/Fase3/ViuvaFrancois_Caso_ChampDeMars_R2.asset","Assets/_Project/ScriptableObjects/Dialogues/Campanha/Fase3/ViuvaFrancois_Caso_ChampDeMars_R2.asset","sim"
"MoveAsset","5b3975335802dbc4980ada77524b72b1","Assets/Dialogos/Campanha/Fase3/ViuvaFrancois_Caso_Varennes.asset","Assets/_Project/ScriptableObjects/Dialogues/Campanha/Fase3/ViuvaFrancois_Caso_Varennes.asset","sim"
"MoveAsset","fd32222686ecc2347a9da7c2183419ae","Assets/Dialogos/Campanha/Fase3/ViuvaFrancois_Padrao.asset","Assets/_Project/ScriptableObjects/Dialogues/Campanha/Fase3/ViuvaFrancois_Padrao.asset","sim"
"MoveAsset","1af1ad705ee660c4cbac9d75be5bd74f","Assets/Dialogos/Campanha/Fase4","Assets/_Project/ScriptableObjects/Dialogues/Campanha/Fase4","sim"
"MoveAsset","663be1befb2d2a741b3fe0f79bd6d393","Assets/Dialogos/Campanha/Fase4/Carcereiro_Caso_Girondina.asset","Assets/_Project/ScriptableObjects/Dialogues/Campanha/Fase4/Carcereiro_Caso_Girondina.asset","sim"
"MoveAsset","8e8843733df3a2b4ab507649bdc26947","Assets/Dialogos/Campanha/Fase4/Carcereiro_Caso_Girondina_Depois.asset","Assets/_Project/ScriptableObjects/Dialogues/Campanha/Fase4/Carcereiro_Caso_Girondina_Depois.asset","sim"
"MoveAsset","65935d5a85eda4d4ca96cd0ebf923811","Assets/Dialogos/Campanha/Fase4/Carcereiro_Caso_Girondina_R1.asset","Assets/_Project/ScriptableObjects/Dialogues/Campanha/Fase4/Carcereiro_Caso_Girondina_R1.asset","sim"
"MoveAsset","64fc6b02e8e180f4c876d8235e6b0abb","Assets/Dialogos/Campanha/Fase4/Carcereiro_Caso_Girondina_R2.asset","Assets/_Project/ScriptableObjects/Dialogues/Campanha/Fase4/Carcereiro_Caso_Girondina_R2.asset","sim"
"MoveAsset","bd340a9a87fb44b469c62f9da4797509","Assets/Dialogos/Campanha/Fase4/Carcereiro_Caso_Jornalista.asset","Assets/_Project/ScriptableObjects/Dialogues/Campanha/Fase4/Carcereiro_Caso_Jornalista.asset","sim"
"MoveAsset","57bb4a52cbd74934a99a494bb9ea5726","Assets/Dialogos/Campanha/Fase4/Carcereiro_Caso_Jornalista_R1.asset","Assets/_Project/ScriptableObjects/Dialogues/Campanha/Fase4/Carcereiro_Caso_Jornalista_R1.asset","sim"
"MoveAsset","c6cfd232d0a4e8649a3226067e862ec1","Assets/Dialogos/Campanha/Fase4/Carcereiro_Caso_Jornalista_R2.asset","Assets/_Project/ScriptableObjects/Dialogues/Campanha/Fase4/Carcereiro_Caso_Jornalista_R2.asset","sim"
"MoveAsset","da3ae01829c3d5e41a1d50aee04ead16","Assets/Dialogos/Campanha/Fase4/Carcereiro_Caso_Negociante.asset","Assets/_Project/ScriptableObjects/Dialogues/Campanha/Fase4/Carcereiro_Caso_Negociante.asset","sim"
"MoveAsset","6ef6e4fd1eecee24ea77e9a73c74c467","Assets/Dialogos/Campanha/Fase4/Carcereiro_Padrao.asset","Assets/_Project/ScriptableObjects/Dialogues/Campanha/Fase4/Carcereiro_Padrao.asset","sim"
"MoveAsset","b76d449d0abf3624f919caef799dad3c","Assets/Dialogos/Campanha/Fase4/CidadaDelorme_Caso_Girondina.asset","Assets/_Project/ScriptableObjects/Dialogues/Campanha/Fase4/CidadaDelorme_Caso_Girondina.asset","sim"
"MoveAsset","552422ba9ca238b4bbd78217b8eeead4","Assets/Dialogos/Campanha/Fase4/CidadaDelorme_Caso_Girondina_carta_da_secao.asset","Assets/_Project/ScriptableObjects/Dialogues/Campanha/Fase4/CidadaDelorme_Caso_Girondina_carta_da_secao.asset","sim"
"MoveAsset","2f8884676ef88f44193cc4b8df1a35ef","Assets/Dialogos/Campanha/Fase4/CidadaDelorme_Caso_Girondina_R1.asset","Assets/_Project/ScriptableObjects/Dialogues/Campanha/Fase4/CidadaDelorme_Caso_Girondina_R1.asset","sim"
"MoveAsset","34cba0c36d8fd0e42af0625d3eaccb1f","Assets/Dialogos/Campanha/Fase4/CidadaDelorme_Caso_Girondina_R2.asset","Assets/_Project/ScriptableObjects/Dialogues/Campanha/Fase4/CidadaDelorme_Caso_Girondina_R2.asset","sim"
"MoveAsset","709cdc493bd1625489461596350a7900","Assets/Dialogos/Campanha/Fase4/CidadaDelorme_Caso_Girondina_R3.asset","Assets/_Project/ScriptableObjects/Dialogues/Campanha/Fase4/CidadaDelorme_Caso_Girondina_R3.asset","sim"
"MoveAsset","0bbaed998eee27f47b2dbad29e5e329b","Assets/Dialogos/Campanha/Fase4/CidadaDelorme_Caso_Jornalista.asset","Assets/_Project/ScriptableObjects/Dialogues/Campanha/Fase4/CidadaDelorme_Caso_Jornalista.asset","sim"
"MoveAsset","f81ca58e0ea9ee643bcc689fa71d9a03","Assets/Dialogos/Campanha/Fase4/CidadaDelorme_Caso_Negociante.asset","Assets/_Project/ScriptableObjects/Dialogues/Campanha/Fase4/CidadaDelorme_Caso_Negociante.asset","sim"
"MoveAsset","53c5bd50ac0ea364c9bf09a00e3892d1","Assets/Dialogos/Campanha/Fase4/CidadaDelorme_Padrao.asset","Assets/_Project/ScriptableObjects/Dialogues/Campanha/Fase4/CidadaDelorme_Padrao.asset","sim"
"MoveAsset","8176f08c20b6c794c9c4a713e3ad0443","Assets/Dialogos/Campanha/Fase4/ComissarioVautrin_Caso_Girondina.asset","Assets/_Project/ScriptableObjects/Dialogues/Campanha/Fase4/ComissarioVautrin_Caso_Girondina.asset","sim"
"MoveAsset","1a0d5fbb18ea33e47ab5053fa6a4514b","Assets/Dialogos/Campanha/Fase4/ComissarioVautrin_Caso_Jornalista.asset","Assets/_Project/ScriptableObjects/Dialogues/Campanha/Fase4/ComissarioVautrin_Caso_Jornalista.asset","sim"
"MoveAsset","f53c487eb24e62d42b5ecca5b5ba38b2","Assets/Dialogos/Campanha/Fase4/ComissarioVautrin_Caso_Negociante.asset","Assets/_Project/ScriptableObjects/Dialogues/Campanha/Fase4/ComissarioVautrin_Caso_Negociante.asset","sim"
"MoveAsset","f9d6a74a65528314daac25e582cfb441","Assets/Dialogos/Campanha/Fase4/ComissarioVautrin_Caso_Negociante_Depois.asset","Assets/_Project/ScriptableObjects/Dialogues/Campanha/Fase4/ComissarioVautrin_Caso_Negociante_Depois.asset","sim"
"MoveAsset","b52912b7690b1d14f95a77ca7d64633d","Assets/Dialogos/Campanha/Fase4/ComissarioVautrin_Caso_Negociante_R1.asset","Assets/_Project/ScriptableObjects/Dialogues/Campanha/Fase4/ComissarioVautrin_Caso_Negociante_R1.asset","sim"
"MoveAsset","806ebc48ff0c1b04b98ac05931f8a2c3","Assets/Dialogos/Campanha/Fase4/ComissarioVautrin_Caso_Negociante_R2.asset","Assets/_Project/ScriptableObjects/Dialogues/Campanha/Fase4/ComissarioVautrin_Caso_Negociante_R2.asset","sim"
"MoveAsset","563eaaa8aee8d804ea7f4579c0522d4d","Assets/Dialogos/Campanha/Fase4/ComissarioVautrin_Caso_Negociante_R3.asset","Assets/_Project/ScriptableObjects/Dialogues/Campanha/Fase4/ComissarioVautrin_Caso_Negociante_R3.asset","sim"
"MoveAsset","8d1ad9638853a5045a9a14f5e404d385","Assets/Dialogos/Campanha/Fase4/ComissarioVautrin_Padrao.asset","Assets/_Project/ScriptableObjects/Dialogues/Campanha/Fase4/ComissarioVautrin_Padrao.asset","sim"
"MoveAsset","b9e98c0eccbf2ae45b76b047eb5ad400","Assets/Dialogos/Campanha/Fase4/RedatorMarchand_Caso_Girondina.asset","Assets/_Project/ScriptableObjects/Dialogues/Campanha/Fase4/RedatorMarchand_Caso_Girondina.asset","sim"
"MoveAsset","c9daecc51f7071b4dac92e7d2019c78a","Assets/Dialogos/Campanha/Fase4/RedatorMarchand_Caso_Girondina_R1.asset","Assets/_Project/ScriptableObjects/Dialogues/Campanha/Fase4/RedatorMarchand_Caso_Girondina_R1.asset","sim"
"MoveAsset","9e74ab1284149274982c574b650d86ce","Assets/Dialogos/Campanha/Fase4/RedatorMarchand_Caso_Girondina_R2.asset","Assets/_Project/ScriptableObjects/Dialogues/Campanha/Fase4/RedatorMarchand_Caso_Girondina_R2.asset","sim"
"MoveAsset","066517ab89b41924da81acf62b6cbcf5","Assets/Dialogos/Campanha/Fase4/RedatorMarchand_Caso_Jornalista.asset","Assets/_Project/ScriptableObjects/Dialogues/Campanha/Fase4/RedatorMarchand_Caso_Jornalista.asset","sim"
"MoveAsset","46ba01250e6009e4eb6820d912733a24","Assets/Dialogos/Campanha/Fase4/RedatorMarchand_Caso_Jornalista_Depois.asset","Assets/_Project/ScriptableObjects/Dialogues/Campanha/Fase4/RedatorMarchand_Caso_Jornalista_Depois.asset","sim"
"MoveAsset","4977b56831d7eb44887f5c30c3bbdbc3","Assets/Dialogos/Campanha/Fase4/RedatorMarchand_Caso_Jornalista_R1.asset","Assets/_Project/ScriptableObjects/Dialogues/Campanha/Fase4/RedatorMarchand_Caso_Jornalista_R1.asset","sim"
"MoveAsset","1776c8d36fe44844e9ccb9a2e0c36488","Assets/Dialogos/Campanha/Fase4/RedatorMarchand_Caso_Jornalista_R2.asset","Assets/_Project/ScriptableObjects/Dialogues/Campanha/Fase4/RedatorMarchand_Caso_Jornalista_R2.asset","sim"
"MoveAsset","231cd7cc4bfbcfe4e8018319fe655e3e","Assets/Dialogos/Campanha/Fase4/RedatorMarchand_Caso_Jornalista_R3.asset","Assets/_Project/ScriptableObjects/Dialogues/Campanha/Fase4/RedatorMarchand_Caso_Jornalista_R3.asset","sim"
"MoveAsset","b9a4bf9862f063241b72dc869acf5f85","Assets/Dialogos/Campanha/Fase4/RedatorMarchand_Caso_Negociante.asset","Assets/_Project/ScriptableObjects/Dialogues/Campanha/Fase4/RedatorMarchand_Caso_Negociante.asset","sim"
"MoveAsset","f0cab02e54e5be54e9a39a2bb104d576","Assets/Dialogos/Campanha/Fase4/RedatorMarchand_Caso_Negociante_R1.asset","Assets/_Project/ScriptableObjects/Dialogues/Campanha/Fase4/RedatorMarchand_Caso_Negociante_R1.asset","sim"
"MoveAsset","d052ff312cfb81b40af0af855a8dd9d3","Assets/Dialogos/Campanha/Fase4/RedatorMarchand_Caso_Negociante_R2.asset","Assets/_Project/ScriptableObjects/Dialogues/Campanha/Fase4/RedatorMarchand_Caso_Negociante_R2.asset","sim"
"MoveAsset","986127efe26beca47a9728a3db02d3dd","Assets/Dialogos/Campanha/Fase4/RedatorMarchand_Padrao.asset","Assets/_Project/ScriptableObjects/Dialogues/Campanha/Fase4/RedatorMarchand_Padrao.asset","sim"
"MoveAsset","8b4f4b4c53645bb4fbe822cbe211259c","Assets/Dialogos/Charles Dupaty","Assets/_Project/ScriptableObjects/Dialogues/CharlesDupaty","sim"
"MoveAsset","cec35ce90c196254d8c7d77fa86a150f","Assets/Dialogos/Charles Dupaty/Dupat_CONV_0.asset","Assets/_Project/ScriptableObjects/Dialogues/CharlesDupaty/Dupat_CONV_0.asset","sim"
"MoveAsset","cf5678993d679f04eaa177b9fa496913","Assets/Dialogos/Charles Dupaty/Dupat_CONV_3.asset","Assets/_Project/ScriptableObjects/Dialogues/CharlesDupaty/Dupat_CONV_3.asset","sim"
"MoveAsset","f1e14924ae76a0f46a31339a9f7db594","Assets/Dialogos/Charles Dupaty/Dupat_EMP_1.asset","Assets/_Project/ScriptableObjects/Dialogues/CharlesDupaty/Dupat_EMP_1.asset","sim"
"MoveAsset","9d43e7995462fbe428213b4a52bd90c4","Assets/Dialogos/Charles Dupaty/Dupat_EMP_2.asset","Assets/_Project/ScriptableObjects/Dialogues/CharlesDupaty/Dupat_EMP_2.asset","sim"
"MoveAsset","a077d4f38785bb24cbe7b9c1064efc79","Assets/Dialogos/Charles Dupaty/Dupat_EMP_3.asset","Assets/_Project/ScriptableObjects/Dialogues/CharlesDupaty/Dupat_EMP_3.asset","sim"
"MoveAsset","a1c5ae4b18f466e49bffbbb051dad95a","Assets/Dialogos/Charles Dupaty/Dupat_INV_1.asset","Assets/_Project/ScriptableObjects/Dialogues/CharlesDupaty/Dupat_INV_1.asset","sim"
"MoveAsset","2d185da366784d548a44b6c7745e72aa","Assets/Dialogos/Charles Dupaty/Dupat_INV_2.asset","Assets/_Project/ScriptableObjects/Dialogues/CharlesDupaty/Dupat_INV_2.asset","sim"
"MoveAsset","9351ad15c301aca4c84771ca07568128","Assets/Dialogos/Charles Dupaty/Dupat_INV_3.asset","Assets/_Project/ScriptableObjects/Dialogues/CharlesDupaty/Dupat_INV_3.asset","sim"
"MoveAsset","097c2427d98038b47a1e596236407742","Assets/Dialogos/Charles Dupaty/Dupat_JUR_2.asset","Assets/_Project/ScriptableObjects/Dialogues/CharlesDupaty/Dupat_JUR_2.asset","sim"
"MoveAsset","9ba559859f31fab4593b1db6a6e0b37d","Assets/Dialogos/Charles Dupaty/Dupat_JUR_3.asset","Assets/_Project/ScriptableObjects/Dialogues/CharlesDupaty/Dupat_JUR_3.asset","sim"
"MoveAsset","3c4d74239c9fedf4fb3a707faf4d6671","Assets/Dialogos/Charles Dupaty/Dupat_Lembrete_Porao.asset","Assets/_Project/ScriptableObjects/Dialogues/CharlesDupaty/Dupat_Lembrete_Porao.asset","sim"
"MoveAsset","a72d65f9cced69c4684cb35a772f4535","Assets/Dialogos/Charles Dupaty/Dupat_Tribunal_NaoPronto.asset","Assets/_Project/ScriptableObjects/Dialogues/CharlesDupaty/Dupat_Tribunal_NaoPronto.asset","sim"
"MoveAsset","8da65efacc630f6489e9b06047643be9","Assets/Dialogos/Charles Dupaty/Dupat_Tribunal_Pronto.asset","Assets/_Project/ScriptableObjects/Dialogues/CharlesDupaty/Dupat_Tribunal_Pronto.asset","sim"
"MoveAsset","e5581136f19149647a5f2e339c73ba7c","Assets/Dialogos/Charles Dupaty/DupatDialogueData.asset","Assets/_Project/ScriptableObjects/Dialogues/CharlesDupaty/DupatDialogueData.asset","sim"
"MoveAsset","1963780b3b97bf045baf4e2e59a88d8b","Assets/Dialogos/Charles Dupaty/Dupatsequencia1.asset","Assets/_Project/ScriptableObjects/Dialogues/CharlesDupaty/Dupatsequencia1.asset","sim"
"MoveAsset","01222fe2072dd8e44a0ee4eb0c1d84fd","Assets/Dialogos/Charles Dupaty/Dupatsequencia2.asset","Assets/_Project/ScriptableObjects/Dialogues/CharlesDupaty/Dupatsequencia2.asset","sim"
"MoveAsset","f09873696d20fdb4a98c32181dc87c30","Assets/Dialogos/Charles Dupaty/Dupatsequencia3.asset","Assets/_Project/ScriptableObjects/Dialogues/CharlesDupaty/Dupatsequencia3.asset","sim"
"MoveAsset","ff8ffdf43f3d6f94f927ac1d74bf26aa","Assets/Dialogos/Jean-Baptiste Réveillon","Assets/_Project/ScriptableObjects/Dialogues/JeanBaptisteReveillon","sim"
"MoveAsset","f27d773ce1be70b4c96caa2674644288","Assets/Dialogos/Jean-Baptiste Réveillon/Jean_Dialogo.asset","Assets/_Project/ScriptableObjects/Dialogues/JeanBaptisteReveillon/Jean_Dialogo.asset","sim"
"MoveAsset","81a95ad37b662444f834f2a30711af99","Assets/Dialogos/Jean-Baptiste Réveillon/resposta jean.asset","Assets/_Project/ScriptableObjects/Dialogues/JeanBaptisteReveillon/resposta jean.asset","sim"
"MoveAsset","527abaaf8778b534c8f837437e96b52c","Assets/Dialogos/Jean-Baptiste Réveillon/respostaJean1.asset","Assets/_Project/ScriptableObjects/Dialogues/JeanBaptisteReveillon/respostaJean1.asset","sim"
"MoveAsset","fc40b79b6fb3a664bbc603a76e3d932b","Assets/Dialogos/Jean-Baptiste Réveillon/respostaJean2.asset","Assets/_Project/ScriptableObjects/Dialogues/JeanBaptisteReveillon/respostaJean2.asset","sim"
"MoveAsset","95f0d701fd536374fb6f778d81433480","Assets/Dialogos/Jean-Baptiste Réveillon/respostaJeanDepois.asset","Assets/_Project/ScriptableObjects/Dialogues/JeanBaptisteReveillon/respostaJeanDepois.asset","sim"
"MoveAsset","0af73699fc2b2834685ef2d49f82ca4d","Assets/Dialogos/Jean-Baptiste Réveillon/respostaJeanNervoso.asset","Assets/_Project/ScriptableObjects/Dialogues/JeanBaptisteReveillon/respostaJeanNervoso.asset","sim"
"MoveAsset","ede5efd605c8c5540a628eb4f3a1e3b7","Assets/Dialogos/Jean-Baptiste Réveillon/respostaJeanRevolta.asset","Assets/_Project/ScriptableObjects/Dialogues/JeanBaptisteReveillon/respostaJeanRevolta.asset","sim"
"MoveAsset","399fcfb6e549b5b44afb25b01406ce15","Assets/Dialogos/Joalheiro","Assets/_Project/ScriptableObjects/Dialogues/Joalheiro","sim"
"MoveAsset","c58f27ed9b03f3a499f8062499574c16","Assets/Dialogos/Joalheiro/Joalheiro_Dialogo.asset","Assets/_Project/ScriptableObjects/Dialogues/Joalheiro/Joalheiro_Dialogo.asset","sim"
"MoveAsset","1e7dc31bbe2e4884a8483cf8800c3fef","Assets/Dialogos/Joalheiro/repostaJoalheiro.asset","Assets/_Project/ScriptableObjects/Dialogues/Joalheiro/repostaJoalheiro.asset","sim"
"MoveAsset","b40c6b0c843cf9545a0703c74e70d70a","Assets/Dialogos/Joalheiro/respostaJoalheiro1.asset","Assets/_Project/ScriptableObjects/Dialogues/Joalheiro/respostaJoalheiro1.asset","sim"
"MoveAsset","833e217b2b00b3d439d80f1207329878","Assets/Dialogos/Joalheiro/respostaJoalheiro2.asset","Assets/_Project/ScriptableObjects/Dialogues/Joalheiro/respostaJoalheiro2.asset","sim"
"MoveAsset","e371702555829364497d7ab39e63ab28","Assets/Dialogos/Joalheiro/respostaJoalheiro3.asset","Assets/_Project/ScriptableObjects/Dialogues/Joalheiro/respostaJoalheiro3.asset","sim"
"MoveAsset","50bf95c2baac89e42a455a6d7cbf4679","Assets/Dialogos/Julien Valois","Assets/_Project/ScriptableObjects/Dialogues/JulienValois","sim"
"MoveAsset","a0216cc89836a1449b9c7fa85a199c54","Assets/Dialogos/Julien Valois/Pensamento_Alcapao_FaltamPistas.asset","Assets/_Project/ScriptableObjects/Dialogues/JulienValois/Pensamento_Alcapao_FaltamPistas.asset","sim"
"MoveAsset","21cef46036a141a40afa71e28cf8b512","Assets/Dialogos/Julien Valois/Pensamento_Alcapao_SemCaso.asset","Assets/_Project/ScriptableObjects/Dialogues/JulienValois/Pensamento_Alcapao_SemCaso.asset","sim"
"MoveAsset","7408b01a093591c49bb28cf0e7adfc83","Assets/Dialogos/Marie Bradier","Assets/_Project/ScriptableObjects/Dialogues/MarieBradier","sim"
"MoveAsset","14039626ac2fd98419e89ccb4593e7bb","Assets/Dialogos/Marie Bradier/Marie_CONV_4.asset","Assets/_Project/ScriptableObjects/Dialogues/MarieBradier/Marie_CONV_4.asset","sim"
"MoveAsset","925ecba321785044ba6c510258851314","Assets/Dialogos/Marie Bradier/Marie_EMP_1.asset","Assets/_Project/ScriptableObjects/Dialogues/MarieBradier/Marie_EMP_1.asset","sim"
"MoveAsset","255748bf9ec3cba4ca3676fb66b77562","Assets/Dialogos/Marie Bradier/Marie_EMP_2.asset","Assets/_Project/ScriptableObjects/Dialogues/MarieBradier/Marie_EMP_2.asset","sim"
"MoveAsset","eb9d581e7ceb66e46964251989d09a89","Assets/Dialogos/Marie Bradier/Marie_EMP_3.asset","Assets/_Project/ScriptableObjects/Dialogues/MarieBradier/Marie_EMP_3.asset","sim"
"MoveAsset","76e43983ef618f04b92a23d4cd215076","Assets/Dialogos/Marie Bradier/Marie_INV_1.asset","Assets/_Project/ScriptableObjects/Dialogues/MarieBradier/Marie_INV_1.asset","sim"
"MoveAsset","3f0599253630cf747b3e4fc0413d2cf9","Assets/Dialogos/Marie Bradier/Marie_INV_2.asset","Assets/_Project/ScriptableObjects/Dialogues/MarieBradier/Marie_INV_2.asset","sim"
"MoveAsset","17e689ed48c47134f81d0a10eb814f90","Assets/Dialogos/Marie Bradier/Marie_INV_3.asset","Assets/_Project/ScriptableObjects/Dialogues/MarieBradier/Marie_INV_3.asset","sim"
"MoveAsset","086e49052358b2f4ab2e96765c9c3e0b","Assets/Dialogos/Marie Bradier/Marie_JUR_1.asset","Assets/_Project/ScriptableObjects/Dialogues/MarieBradier/Marie_JUR_1.asset","sim"
"MoveAsset","db8d00167183e4947b1374a33ed1f2bc","Assets/Dialogos/Marie Bradier/Marie_JUR_3.asset","Assets/_Project/ScriptableObjects/Dialogues/MarieBradier/Marie_JUR_3.asset","sim"
"MoveAsset","5062a32728b8d124194005e92ff1874f","Assets/Dialogos/Marie Bradier/Marie_Lembrete.asset","Assets/_Project/ScriptableObjects/Dialogues/MarieBradier/Marie_Lembrete.asset","sim"
"MoveAsset","637317ae5daf4a642ae020758fe60291","Assets/Dialogos/Marie Bradier/MarieDialogueData.asset","Assets/_Project/ScriptableObjects/Dialogues/MarieBradier/MarieDialogueData.asset","sim"
"MoveAsset","a7e42bc888792a24d8f5066c66a3e3fc","Assets/Dialogos/Marie Bradier/Mariesequencia1.asset","Assets/_Project/ScriptableObjects/Dialogues/MarieBradier/Mariesequencia1.asset","sim"
"MoveAsset","b81fc808942eb8841876a75118ac997f","Assets/Dialogos/Marie Bradier/Mariesequencia2.asset","Assets/_Project/ScriptableObjects/Dialogues/MarieBradier/Mariesequencia2.asset","sim"
"MoveAsset","b3034fac45cc43f4da475772a73a0964","Assets/Dialogos/Marie Bradier/Mariesequencia3.asset","Assets/_Project/ScriptableObjects/Dialogues/MarieBradier/Mariesequencia3.asset","sim"
"MoveAsset","49266ad360af35442b3d824872177a5f","Assets/Dialogos/Operário","Assets/_Project/ScriptableObjects/Dialogues/Operário","sim"
"MoveAsset","b4c2cea48397acf48a53804e9fda36e7","Assets/Dialogos/Operário/Operario_Dialogo.asset","Assets/_Project/ScriptableObjects/Dialogues/Operário/Operario_Dialogo.asset","sim"
"MoveAsset","e855ad22fad41c547b600efe057053c5","Assets/Dialogos/Operário/repostaOperario1.asset","Assets/_Project/ScriptableObjects/Dialogues/Operário/repostaOperario1.asset","sim"
"MoveAsset","3337009e8a97aee43bb7cb7c6c456df3","Assets/Dialogos/Operário/resposta_operario.asset","Assets/_Project/ScriptableObjects/Dialogues/Operário/resposta_operario.asset","sim"
"MoveAsset","6780da8212a0d934cbf41eac65e90391","Assets/Dialogos/Operário/respostaOperario2.asset","Assets/_Project/ScriptableObjects/Dialogues/Operário/respostaOperario2.asset","sim"
"MoveAsset","a96a9ed285b0a2e4c8331dcd243b8da3","Assets/Dialogos/Operário/respostaOperarioAcusacao.asset","Assets/_Project/ScriptableObjects/Dialogues/Operário/respostaOperarioAcusacao.asset","sim"
"MoveAsset","04f6c3e3aaf2881409e64f1dd896566a","Assets/Dialogos/Operário/respostaOperarioDepois.asset","Assets/_Project/ScriptableObjects/Dialogues/Operário/respostaOperarioDepois.asset","sim"
"MoveAsset","95c2f9262cb178842a07eeb418a918de","Assets/Scriptableobjects","Assets/_Project/ScriptableObjects/Items","sim"
"MoveAsset","d410b33fdab533a49a36b48c197aea74","Assets/Scriptableobjects/Campanha","Assets/_Project/ScriptableObjects/Items/Campanha","sim"
"MoveAsset","87a4a7b9121eb2b439e72094544ad7f0","Assets/Scriptableobjects/Campanha/Biblioteca","Assets/_Project/ScriptableObjects/Items/Campanha/Biblioteca","sim"
"MoveAsset","90c7339703c92dd4280d13d84b6e8192","Assets/Scriptableobjects/Campanha/Biblioteca/Oferta_Assignats.asset","Assets/_Project/ScriptableObjects/Items/Campanha/Biblioteca/Oferta_Assignats.asset","sim"
"MoveAsset","dd9eea00566651b4982f1d225c5ec112","Assets/Scriptableobjects/Campanha/Biblioteca/Oferta_ChampDeMars.asset","Assets/_Project/ScriptableObjects/Items/Campanha/Biblioteca/Oferta_ChampDeMars.asset","sim"
"MoveAsset","b6a0c9d9df2b88947ae33e0253e1bbe0","Assets/Scriptableobjects/Campanha/Biblioteca/Oferta_Girondina.asset","Assets/_Project/ScriptableObjects/Items/Campanha/Biblioteca/Oferta_Girondina.asset","sim"
"MoveAsset","bdb0d8c054a06d94c9c8b5e55d3e1287","Assets/Scriptableobjects/Campanha/Biblioteca/Oferta_Jornalista.asset","Assets/_Project/ScriptableObjects/Items/Campanha/Biblioteca/Oferta_Jornalista.asset","sim"
"MoveAsset","5f8690b41f7f6a849b40f65b822c2634","Assets/Scriptableobjects/Campanha/Biblioteca/Oferta_Negociante.asset","Assets/_Project/ScriptableObjects/Items/Campanha/Biblioteca/Oferta_Negociante.asset","sim"
"MoveAsset","72be454b01dd5ec479197311e37367f3","Assets/Scriptableobjects/Campanha/Biblioteca/Oferta_Varennes.asset","Assets/_Project/ScriptableObjects/Items/Campanha/Biblioteca/Oferta_Varennes.asset","sim"
"MoveAsset","88a287fafc0761648970b0a0c97b1c87","Assets/Scriptableobjects/Campanha/Fase2","Assets/_Project/ScriptableObjects/Items/Campanha/Fase2","sim"
"MoveAsset","926ceee11e80ba8489082eb7cceab01f","Assets/Scriptableobjects/Campanha/Fase2/Alegacao_Jean_1.asset","Assets/_Project/ScriptableObjects/Items/Campanha/Fase2/Alegacao_Jean_1.asset","sim"
"MoveAsset","05109096ebc4323458aa8d8954f30ddb","Assets/Scriptableobjects/Campanha/Fase2/Alegacao_Jean_2.asset","Assets/_Project/ScriptableObjects/Items/Campanha/Fase2/Alegacao_Jean_2.asset","sim"
"MoveAsset","aaea79cd888e1094eac20a410c0f8435","Assets/Scriptableobjects/Campanha/Fase2/Alegacao_Joias_1.asset","Assets/_Project/ScriptableObjects/Items/Campanha/Fase2/Alegacao_Joias_1.asset","sim"
"MoveAsset","fe32e3b7916d7d2439c4b809097ac25c","Assets/Scriptableobjects/Campanha/Fase2/Alegacao_Joias_2.asset","Assets/_Project/ScriptableObjects/Items/Campanha/Fase2/Alegacao_Joias_2.asset","sim"
"MoveAsset","ae007878725f10d4e9780a7a3b312739","Assets/Scriptableobjects/Campanha/Fase2/Alegacao_Operario_1.asset","Assets/_Project/ScriptableObjects/Items/Campanha/Fase2/Alegacao_Operario_1.asset","sim"
"MoveAsset","e9138a04cd285e645979f943436bc980","Assets/Scriptableobjects/Campanha/Fase2/Alegacao_Operario_2.asset","Assets/_Project/ScriptableObjects/Items/Campanha/Fase2/Alegacao_Operario_2.asset","sim"
"MoveAsset","6bf3409ea5415da43aa0ca791391a660","Assets/Scriptableobjects/Campanha/Fase2/Pista_Jean_Boato.asset","Assets/_Project/ScriptableObjects/Items/Campanha/Fase2/Pista_Jean_Boato.asset","sim"
"MoveAsset","5849e9deae489f8439be3a5d5a7f802c","Assets/Scriptableobjects/Campanha/Fase2/Pista_Jean_Calunia.asset","Assets/_Project/ScriptableObjects/Items/Campanha/Fase2/Pista_Jean_Calunia.asset","sim"
"MoveAsset","fd6b9835c78105544af740891ee08b06","Assets/Scriptableobjects/Campanha/Fase2/Pista_Joias_Boato.asset","Assets/_Project/ScriptableObjects/Items/Campanha/Fase2/Pista_Joias_Boato.asset","sim"
"MoveAsset","447629d22b151ea459f8d599133affa5","Assets/Scriptableobjects/Campanha/Fase2/Pista_Joias_Calunia.asset","Assets/_Project/ScriptableObjects/Items/Campanha/Fase2/Pista_Joias_Calunia.asset","sim"
"MoveAsset","bd6b684e6c8e0264790faf66aa2ed84b","Assets/Scriptableobjects/Campanha/Fase2/Pista_Operario_Boato.asset","Assets/_Project/ScriptableObjects/Items/Campanha/Fase2/Pista_Operario_Boato.asset","sim"
"MoveAsset","4c8c01357c9bbb4419151f49967720c6","Assets/Scriptableobjects/Campanha/Fase2/Pista_Operario_Calunia.asset","Assets/_Project/ScriptableObjects/Items/Campanha/Fase2/Pista_Operario_Calunia.asset","sim"
"MoveAsset","abf790915aa9cfe448bb88f1a5af2e6f","Assets/Scriptableobjects/Campanha/Fase3","Assets/_Project/ScriptableObjects/Items/Campanha/Fase3","sim"
"MoveAsset","8c51baa68ea7fc843b0502c280451ebd","Assets/Scriptableobjects/Campanha/Fase3/Alegacao_Assignats_1.asset","Assets/_Project/ScriptableObjects/Items/Campanha/Fase3/Alegacao_Assignats_1.asset","sim"
"MoveAsset","896a0ff2302027948b78d43105257d88","Assets/Scriptableobjects/Campanha/Fase3/Alegacao_Assignats_2.asset","Assets/_Project/ScriptableObjects/Items/Campanha/Fase3/Alegacao_Assignats_2.asset","sim"
"MoveAsset","9a9ae23c1926d204286145ba72c0e1dd","Assets/Scriptableobjects/Campanha/Fase3/Alegacao_Champ_1.asset","Assets/_Project/ScriptableObjects/Items/Campanha/Fase3/Alegacao_Champ_1.asset","sim"
"MoveAsset","c67e4d1bff4228a43a15cc2ae221a7a1","Assets/Scriptableobjects/Campanha/Fase3/Alegacao_Champ_2.asset","Assets/_Project/ScriptableObjects/Items/Campanha/Fase3/Alegacao_Champ_2.asset","sim"
"MoveAsset","82f66b5f8fb9d0b418435344804b6984","Assets/Scriptableobjects/Campanha/Fase3/Alegacao_Varennes_1.asset","Assets/_Project/ScriptableObjects/Items/Campanha/Fase3/Alegacao_Varennes_1.asset","sim"
"MoveAsset","384e8345cd0c6b546a2bbab6f40bd8dc","Assets/Scriptableobjects/Campanha/Fase3/Alegacao_Varennes_2.asset","Assets/_Project/ScriptableObjects/Items/Campanha/Fase3/Alegacao_Varennes_2.asset","sim"
"MoveAsset","490948fb0e7da0144b4a48d8f065c313","Assets/Scriptableobjects/Campanha/Fase3/Apoio_Assignats_Biblioteca.asset","Assets/_Project/ScriptableObjects/Items/Campanha/Fase3/Apoio_Assignats_Biblioteca.asset","sim"
"MoveAsset","cb992d913f8c57844838fee1cdd9e5cf","Assets/Scriptableobjects/Campanha/Fase3/Apoio_ChampDeMars_Biblioteca.asset","Assets/_Project/ScriptableObjects/Items/Campanha/Fase3/Apoio_ChampDeMars_Biblioteca.asset","sim"
"MoveAsset","b0b663dd9e55f67418efc4cb98ebbe5e","Assets/Scriptableobjects/Campanha/Fase3/Apoio_Varennes_Biblioteca.asset","Assets/_Project/ScriptableObjects/Items/Campanha/Fase3/Apoio_Varennes_Biblioteca.asset","sim"
"MoveAsset","46a912874897d4b479b0eb6865b60655","Assets/Scriptableobjects/Campanha/Fase3/Apoio_Varennes_Recibo.asset","Assets/_Project/ScriptableObjects/Items/Campanha/Fase3/Apoio_Varennes_Recibo.asset","sim"
"MoveAsset","03a5275b8fbda6240827535a29dd3f8c","Assets/Scriptableobjects/Campanha/Fase3/Panfleto_Assignats.asset","Assets/_Project/ScriptableObjects/Items/Campanha/Fase3/Panfleto_Assignats.asset","sim"
"MoveAsset","9ca69f300fd612341a0a0c4f94fff77b","Assets/Scriptableobjects/Campanha/Fase3/Panfleto_Champ.asset","Assets/_Project/ScriptableObjects/Items/Campanha/Fase3/Panfleto_Champ.asset","sim"
"MoveAsset","999fd53f1add1ba4d991296a7967c5e8","Assets/Scriptableobjects/Campanha/Fase3/Panfleto_Varennes.asset","Assets/_Project/ScriptableObjects/Items/Campanha/Fase3/Panfleto_Varennes.asset","sim"
"MoveAsset","6db250082e1d88a4599da64cfd70503f","Assets/Scriptableobjects/Campanha/Fase3/Pista_Assignats_Boato.asset","Assets/_Project/ScriptableObjects/Items/Campanha/Fase3/Pista_Assignats_Boato.asset","sim"
"MoveAsset","4f1c271dc25c8764a8fa6e095950a25a","Assets/Scriptableobjects/Campanha/Fase3/Pista_Assignats_Calunia.asset","Assets/_Project/ScriptableObjects/Items/Campanha/Fase3/Pista_Assignats_Calunia.asset","sim"
"MoveAsset","f87ff9f4618e22e4ba92bbbdde0f2ea9","Assets/Scriptableobjects/Campanha/Fase3/Pista_Assignats_Queixa.asset","Assets/_Project/ScriptableObjects/Items/Campanha/Fase3/Pista_Assignats_Queixa.asset","sim"
"MoveAsset","0f4b2a54426a0b640b528f4b17d34ae6","Assets/Scriptableobjects/Campanha/Fase3/Pista_Assignats_Tipos.asset","Assets/_Project/ScriptableObjects/Items/Campanha/Fase3/Pista_Assignats_Tipos.asset","sim"
"MoveAsset","e3000d49d40acf04c90bed72c6ee976c","Assets/Scriptableobjects/Campanha/Fase3/Pista_Champ_Boato.asset","Assets/_Project/ScriptableObjects/Items/Campanha/Fase3/Pista_Champ_Boato.asset","sim"
"MoveAsset","54f1527fcee0e7341b630b11dc3d870e","Assets/Scriptableobjects/Campanha/Fase3/Pista_Champ_Calunia.asset","Assets/_Project/ScriptableObjects/Items/Campanha/Fase3/Pista_Champ_Calunia.asset","sim"
"MoveAsset","c7a70783333a9fb4687c8717e59f8bc4","Assets/Scriptableobjects/Campanha/Fase3/Pista_Champ_LeiMarcial.asset","Assets/_Project/ScriptableObjects/Items/Campanha/Fase3/Pista_Champ_LeiMarcial.asset","sim"
"MoveAsset","523e5ae74d9a11d4d9cda30f6fda58d4","Assets/Scriptableobjects/Campanha/Fase3/Pista_Champ_Peticao.asset","Assets/_Project/ScriptableObjects/Items/Campanha/Fase3/Pista_Champ_Peticao.asset","sim"
"MoveAsset","2d7d8686b4a221a4dac08bdc9b7178e1","Assets/Scriptableobjects/Campanha/Fase3/Pista_Varennes_Boato.asset","Assets/_Project/ScriptableObjects/Items/Campanha/Fase3/Pista_Varennes_Boato.asset","sim"
"MoveAsset","3df25e593c8cd2f478fd6b4beaed4ec7","Assets/Scriptableobjects/Campanha/Fase3/Pista_Varennes_Calunia.asset","Assets/_Project/ScriptableObjects/Items/Campanha/Fase3/Pista_Varennes_Calunia.asset","sim"
"MoveAsset","d830dc19acc872d44be10e1fbc51a399","Assets/Scriptableobjects/Campanha/Fase3/Pista_Varennes_Contrato.asset","Assets/_Project/ScriptableObjects/Items/Campanha/Fase3/Pista_Varennes_Contrato.asset","sim"
"MoveAsset","45ea98a49d642a74384245c9067ae620","Assets/Scriptableobjects/Campanha/Fase3/Pista_Varennes_Depoimento.asset","Assets/_Project/ScriptableObjects/Items/Campanha/Fase3/Pista_Varennes_Depoimento.asset","sim"
"MoveAsset","986d31c686cc99f41afda7909d5bc9b7","Assets/Scriptableobjects/Campanha/Fase3/ReceitaDeCaso_Assignats.asset","Assets/_Project/ScriptableObjects/Items/Campanha/Fase3/ReceitaDeCaso_Assignats.asset","sim"
"MoveAsset","a4eb890d825fae444a5c33a292b57fc7","Assets/Scriptableobjects/Campanha/Fase3/ReceitaDeCaso_ChampDeMars.asset","Assets/_Project/ScriptableObjects/Items/Campanha/Fase3/ReceitaDeCaso_ChampDeMars.asset","sim"
"MoveAsset","9bc79d2d9dcf99a4693851bd36a4d239","Assets/Scriptableobjects/Campanha/Fase3/ReceitaDeCaso_Varennes.asset","Assets/_Project/ScriptableObjects/Items/Campanha/Fase3/ReceitaDeCaso_Varennes.asset","sim"
"MoveAsset","693c51ef37b67c948a0ac3492848a690","Assets/Scriptableobjects/Campanha/Fase4","Assets/_Project/ScriptableObjects/Items/Campanha/Fase4","sim"
"MoveAsset","4a03cd8e76242d7459b3968d67308f3b","Assets/Scriptableobjects/Campanha/Fase4/Alegacao_Girondina_1.asset","Assets/_Project/ScriptableObjects/Items/Campanha/Fase4/Alegacao_Girondina_1.asset","sim"
"MoveAsset","3f52499c6ead4ae4c8e76f93a6069d94","Assets/Scriptableobjects/Campanha/Fase4/Alegacao_Girondina_2.asset","Assets/_Project/ScriptableObjects/Items/Campanha/Fase4/Alegacao_Girondina_2.asset","sim"
"MoveAsset","b5700d836e83a264caa19a887fb68f43","Assets/Scriptableobjects/Campanha/Fase4/Alegacao_Jornalista_1.asset","Assets/_Project/ScriptableObjects/Items/Campanha/Fase4/Alegacao_Jornalista_1.asset","sim"
"MoveAsset","53bfcc0b637944442baf7ffc8e7bc524","Assets/Scriptableobjects/Campanha/Fase4/Alegacao_Jornalista_2.asset","Assets/_Project/ScriptableObjects/Items/Campanha/Fase4/Alegacao_Jornalista_2.asset","sim"
"MoveAsset","4c37a83011454e74bbedbdafaa2d6b0a","Assets/Scriptableobjects/Campanha/Fase4/Alegacao_Negociante_1.asset","Assets/_Project/ScriptableObjects/Items/Campanha/Fase4/Alegacao_Negociante_1.asset","sim"
"MoveAsset","91a682519e75b17418f88c4f8b75dc3d","Assets/Scriptableobjects/Campanha/Fase4/Alegacao_Negociante_2.asset","Assets/_Project/ScriptableObjects/Items/Campanha/Fase4/Alegacao_Negociante_2.asset","sim"
"MoveAsset","5884edf3fbfea4a49a60a89fa57dc947","Assets/Scriptableobjects/Campanha/Fase4/Apoio_Girondina_Biblioteca.asset","Assets/_Project/ScriptableObjects/Items/Campanha/Fase4/Apoio_Girondina_Biblioteca.asset","sim"
"MoveAsset","7b74039f15e5d8b44aa1446ad19923ee","Assets/Scriptableobjects/Campanha/Fase4/Apoio_Girondina_Recomendacao.asset","Assets/_Project/ScriptableObjects/Items/Campanha/Fase4/Apoio_Girondina_Recomendacao.asset","sim"
"MoveAsset","eaf0e050bb571094788eaba8877adfc4","Assets/Scriptableobjects/Campanha/Fase4/Apoio_Jornalista_Biblioteca.asset","Assets/_Project/ScriptableObjects/Items/Campanha/Fase4/Apoio_Jornalista_Biblioteca.asset","sim"
"MoveAsset","75c90c803f3921941af6f487c71a4fd9","Assets/Scriptableobjects/Campanha/Fase4/Apoio_Negociante_Biblioteca.asset","Assets/_Project/ScriptableObjects/Items/Campanha/Fase4/Apoio_Negociante_Biblioteca.asset","sim"
"MoveAsset","9dfc42c63bb48a14ab8b24355b600d22","Assets/Scriptableobjects/Campanha/Fase4/Panfleto_Girondina.asset","Assets/_Project/ScriptableObjects/Items/Campanha/Fase4/Panfleto_Girondina.asset","sim"
"MoveAsset","bb02a3a23acfe8f4091fe32adbdb4bf7","Assets/Scriptableobjects/Campanha/Fase4/Panfleto_Jornalista.asset","Assets/_Project/ScriptableObjects/Items/Campanha/Fase4/Panfleto_Jornalista.asset","sim"
"MoveAsset","06b48926dec2d274c85d680647181a0d","Assets/Scriptableobjects/Campanha/Fase4/Panfleto_Negociante.asset","Assets/_Project/ScriptableObjects/Items/Campanha/Fase4/Panfleto_Negociante.asset","sim"
"MoveAsset","4d900859377455b4286531856b734455","Assets/Scriptableobjects/Campanha/Fase4/Pista_Girondina_Boato.asset","Assets/_Project/ScriptableObjects/Items/Campanha/Fase4/Pista_Girondina_Boato.asset","sim"
"MoveAsset","723e77919d3ae734d8fbccbc7870869e","Assets/Scriptableobjects/Campanha/Fase4/Pista_Girondina_Calunia.asset","Assets/_Project/ScriptableObjects/Items/Campanha/Fase4/Pista_Girondina_Calunia.asset","sim"
"MoveAsset","2956c56ed58491546972f1b18bf8a44b","Assets/Scriptableobjects/Campanha/Fase4/Pista_Girondina_Cartas.asset","Assets/_Project/ScriptableObjects/Items/Campanha/Fase4/Pista_Girondina_Cartas.asset","sim"
"MoveAsset","4656c9f8f2d688d4493824abd9dae37e","Assets/Scriptableobjects/Campanha/Fase4/Pista_Girondina_Retratacao.asset","Assets/_Project/ScriptableObjects/Items/Campanha/Fase4/Pista_Girondina_Retratacao.asset","sim"
"MoveAsset","e2349def514e26c4b9d3fb424d3a5fdf","Assets/Scriptableobjects/Campanha/Fase4/Pista_Jornalista_Boato.asset","Assets/_Project/ScriptableObjects/Items/Campanha/Fase4/Pista_Jornalista_Boato.asset","sim"
"MoveAsset","3a90b22026f5ff7409b21cb24705640d","Assets/Scriptableobjects/Campanha/Fase4/Pista_Jornalista_Calunia.asset","Assets/_Project/ScriptableObjects/Items/Campanha/Fase4/Pista_Jornalista_Calunia.asset","sim"
"MoveAsset","5dbb1592cf27c344baed48c6e0dc6fe3","Assets/Scriptableobjects/Campanha/Fase4/Pista_Jornalista_Certificado.asset","Assets/_Project/ScriptableObjects/Items/Campanha/Fase4/Pista_Jornalista_Certificado.asset","sim"
"MoveAsset","8568f1390bf6d5941ad7a8fd8d1b70dc","Assets/Scriptableobjects/Campanha/Fase4/Pista_Jornalista_Exemplares.asset","Assets/_Project/ScriptableObjects/Items/Campanha/Fase4/Pista_Jornalista_Exemplares.asset","sim"
"MoveAsset","c359ba65f80d70d4cbc1f94f86e6ee0b","Assets/Scriptableobjects/Campanha/Fase4/Pista_Negociante_Boato.asset","Assets/_Project/ScriptableObjects/Items/Campanha/Fase4/Pista_Negociante_Boato.asset","sim"
"MoveAsset","cdff7f6ab344e7e4393ca0741e5a3a0a","Assets/Scriptableobjects/Campanha/Fase4/Pista_Negociante_Calunia.asset","Assets/_Project/ScriptableObjects/Items/Campanha/Fase4/Pista_Negociante_Calunia.asset","sim"
"MoveAsset","d7d88312a47d732468be974771912d92","Assets/Scriptableobjects/Campanha/Fase4/Pista_Negociante_Edital.asset","Assets/_Project/ScriptableObjects/Items/Campanha/Fase4/Pista_Negociante_Edital.asset","sim"
"MoveAsset","b503a9d335153714ea5e907e0cc57955","Assets/Scriptableobjects/Campanha/Fase4/Pista_Negociante_Relatorio.asset","Assets/_Project/ScriptableObjects/Items/Campanha/Fase4/Pista_Negociante_Relatorio.asset","sim"
"MoveAsset","f39885da484826e4b97fa8ee90514010","Assets/Scriptableobjects/Campanha/Fase4/ReceitaDeCaso_Girondina.asset","Assets/_Project/ScriptableObjects/Items/Campanha/Fase4/ReceitaDeCaso_Girondina.asset","sim"
"MoveAsset","59d3ea1e628ca4945982133026437d6a","Assets/Scriptableobjects/Campanha/Fase4/ReceitaDeCaso_Jornalista.asset","Assets/_Project/ScriptableObjects/Items/Campanha/Fase4/ReceitaDeCaso_Jornalista.asset","sim"
"MoveAsset","1c04d51daf49a6a42ab3385950bfcc5e","Assets/Scriptableobjects/Campanha/Fase4/ReceitaDeCaso_Negociante.asset","Assets/_Project/ScriptableObjects/Items/Campanha/Fase4/ReceitaDeCaso_Negociante.asset","sim"
"MoveAsset","6c1c1ed830eb85f47a44f2dc6488276f","Assets/Scriptableobjects/Evidencia_Decreto1780.asset","Assets/_Project/ScriptableObjects/Items/Evidencia_Decreto1780.asset","sim"
"MoveAsset","a41fb3cd7d8b20f479759eb72c5d511b","Assets/Scriptableobjects/Evidencia_RelatoBradier.asset","Assets/_Project/ScriptableObjects/Items/Evidencia_RelatoBradier.asset","sim"
"MoveAsset","9d7e85a0e81ff334a9df31a556a053ac","Assets/Scriptableobjects/Item_Jean1.asset","Assets/_Project/ScriptableObjects/Items/Item_Jean1.asset","sim"
"MoveAsset","dce74fa9250bef44f936cb44fe76cecd","Assets/Scriptableobjects/Item_Jean2.asset","Assets/_Project/ScriptableObjects/Items/Item_Jean2.asset","sim"
"MoveAsset","76dcaad7eda68bc46a1ed9a3821ee3b7","Assets/Scriptableobjects/Item_joalheiro1.asset","Assets/_Project/ScriptableObjects/Items/Item_joalheiro1.asset","sim"
"MoveAsset","a74514a5611ff2247a6e5c0b275cf3c7","Assets/Scriptableobjects/Item_joalheiro2.asset","Assets/_Project/ScriptableObjects/Items/Item_joalheiro2.asset","sim"
"MoveAsset","2b7a0d1628caed742b2bcf2b1762b4ac","Assets/Scriptableobjects/Item_operario1.asset","Assets/_Project/ScriptableObjects/Items/Item_operario1.asset","sim"
"MoveAsset","d17c6356e0ae8b3469d412fd43268746","Assets/Scriptableobjects/Item_operario2.asset","Assets/_Project/ScriptableObjects/Items/Item_operario2.asset","sim"
"MoveAsset","0c819b8641132564596ff3a2b4d444bb","Assets/Scriptableobjects/panfleto_jean.asset","Assets/_Project/ScriptableObjects/Items/panfleto_jean.asset","sim"
"MoveAsset","721a6feba8742e24eb5f60b5e107ae1f","Assets/Scriptableobjects/panfleto_joalheiro.asset","Assets/_Project/ScriptableObjects/Items/panfleto_joalheiro.asset","sim"
"MoveAsset","d04d15091bf2cef4592686f23f1968f5","Assets/Scriptableobjects/Panfleto_MemoireJustificatif.asset","Assets/_Project/ScriptableObjects/Items/Panfleto_MemoireJustificatif.asset","sim"
"MoveAsset","23bc35d5f6fc8c64b80e4fd104db5363","Assets/Scriptableobjects/panfleto_operario.asset","Assets/_Project/ScriptableObjects/Items/panfleto_operario.asset","sim"
"MoveAsset","191c62121e4bef94291ee4fd48e4c5c9","Assets/Scriptableobjects/ReceitaCasoJean.asset","Assets/_Project/ScriptableObjects/Items/ReceitaCasoJean.asset","sim"
"MoveAsset","2ffa6e8ab9cf59f4a997d49fa0e9554a","Assets/Scriptableobjects/ReceitaCasoJoias.asset","Assets/_Project/ScriptableObjects/Items/ReceitaCasoJoias.asset","sim"
"MoveAsset","6c4c1d25adea3fa4a88483f989e069f4","Assets/Scriptableobjects/ReceitaCasoOperario.asset","Assets/_Project/ScriptableObjects/Items/ReceitaCasoOperario.asset","sim"
"MoveAsset","cf9a2794fffef3d469bc6ea79d8a34e9","Assets/Scriptableobjects/ReceitaDeCaso_Jean.asset","Assets/_Project/ScriptableObjects/Items/ReceitaDeCaso_Jean.asset","sim"
"MoveAsset","2a35a3edcd65c2c46a6c46425134af44","Assets/Scriptableobjects/ReceitaDeCaso_Joias.asset","Assets/_Project/ScriptableObjects/Items/ReceitaDeCaso_Joias.asset","sim"
"MoveAsset","24b892ea53f1745409603d7bc35ace17","Assets/Scriptableobjects/ReceitaDeCaso_Operario.asset","Assets/_Project/ScriptableObjects/Items/ReceitaDeCaso_Operario.asset","sim"
"MoveAsset","779ecb859a49366478517395dd098166","Assets/Scriptableobjects/ReceitaFase1.asset","Assets/_Project/ScriptableObjects/Items/ReceitaFase1.asset","sim"
"MoveAsset","cf4f6b459a2aaad45afca444884f134f","Assets/Scripts","Assets/_Project/Scripts","sim"
"MoveAsset","0139fbf6cdd7bce41b8af5ffb4f36fdf","Assets/Scripts/CameraFollow.cs","Assets/_Project/Scripts/Characters/CameraFollow.cs","sim"
"MoveAsset","1961d90c95172b34f81f4590d28d43d9","Assets/Scripts/NPCInvestigacao.cs","Assets/_Project/Scripts/Characters/NPCInvestigacao.cs","sim"
"MoveAsset","3737362528c1999449c92dc61130dc9d","Assets/Scripts/NPCMovement.cs","Assets/_Project/Scripts/Characters/NPCMovement.cs","sim"
"MoveAsset","f1e63fa2b72ac5946b3d9f074b03f507","Assets/Scripts/PlayerInteraction.cs","Assets/_Project/Scripts/Characters/PlayerInteraction.cs","sim"
"MoveAsset","d5d7adbce3e48da46960f0eaf04434a8","Assets/Scripts/PlayerMove.cs","Assets/_Project/Scripts/Characters/PlayerMove.cs","sim"
"MoveAsset","d5dce7f0ead525f4585732cf84436c28","Assets/Scripts/AudioSeguro.cs","Assets/_Project/Scripts/Core/AudioSeguro.cs","sim"
"MoveAsset","b73e6cab26a49fa40b926c010bcca99f","Assets/Scripts/CatalogoDeSave.cs","Assets/_Project/Scripts/Core/CatalogoDeSave.cs","sim"
"MoveAsset","0ac758d05b275614fae39eb16bf2813d","Assets/Scripts/Fase1Desfecho.cs","Assets/_Project/Scripts/Core/Fase1Desfecho.cs","sim"
"MoveAsset","65b331b7aa68280449a5bdaf22b25948","Assets/Scripts/FimDeFase.cs","Assets/_Project/Scripts/Core/FimDeFase.cs","sim"
"MoveAsset","dd3b817854e8ab54f976acbf2f004578","Assets/Scripts/GameManager.cs","Assets/_Project/Scripts/Core/GameManager.cs","sim"
"MoveAsset","e9a879c64f2b5b64e9a25d85d2170175","Assets/Scripts/GerenciadorCena1.cs","Assets/_Project/Scripts/Core/GerenciadorCena1.cs","sim"
"MoveAsset","a00e6ca3a0b1942418aaaabafc1ca451","Assets/Scripts/PauseManager.cs","Assets/_Project/Scripts/Core/PauseManager.cs","sim"
"MoveAsset","04728b2fb0949f14a985f2064700b60d","Assets/Scripts/ProgressoDoJogo.cs","Assets/_Project/Scripts/Core/ProgressoDoJogo.cs","sim"
"MoveAsset","c30744190649d6c4bacfe4a38bcd9217","Assets/Scripts/RotaFinal.cs","Assets/_Project/Scripts/Core/RotaFinal.cs","sim"
"MoveAsset","93bf465fdb9d6da4892abf549a47361f","Assets/Scripts/SceneTransitionManager.cs","Assets/_Project/Scripts/Core/SceneTransitionManager.cs","sim"
"MoveAsset","dd8d9fd062a007c45aa7433a653e59d4","Assets/Scripts/SistemaDeSave.cs","Assets/_Project/Scripts/Core/SistemaDeSave.cs","sim"
"MoveAsset","8f27beee2615d0b4d9dbaf6b98deec12","Assets/Scripts/CheckpointDoTribunal.cs","Assets/_Project/Scripts/Court/CheckpointDoTribunal.cs","sim"
"MoveAsset","5b0d627e057d78848b7b9d60c332325c","Assets/Scripts/TribunalManager.cs","Assets/_Project/Scripts/Court/TribunalManager.cs","sim"
"MoveAsset","c604a4c5672ce74438e373ba02c12bfd","Assets/Scripts/CutsceneLegendas.cs","Assets/_Project/Scripts/Cutscenes/CutsceneLegendas.cs","sim"
"MoveAsset","1a5431a2b7b40a644bcf747982e4f640","Assets/Scripts/IntroCutscene.cs","Assets/_Project/Scripts/Cutscenes/IntroCutscene.cs","sim"
"MoveAsset","e91bcb522deb37a4ab25bed5ecb00d5d","Assets/Scripts/DialogueData.cs","Assets/_Project/Scripts/Dialogue/DialogueData.cs","sim"
"MoveAsset","1ff35d9b6f6e5ff4f8bd67fc7ae7003b","Assets/Scripts/DialogueSystem.cs","Assets/_Project/Scripts/Dialogue/DialogueSystem.cs","sim"
"MoveAsset","79aa2a9ff6ad7bc49b04e0e7a1feb9c5","Assets/Scripts/DialogueUI.cs","Assets/_Project/Scripts/Dialogue/DialogueUI.cs","sim"
"MoveAsset","c637f4e0b5bf2cf49b2a518b879b0769","Assets/Scripts/TypeTextAnimation.cs","Assets/_Project/Scripts/Dialogue/TypeTextAnimation.cs","sim"
"MoveAsset","8037b128f2cb98349822c6feeecb378b","Assets/Scripts/DispositivoDeControle.cs","Assets/_Project/Scripts/Input/DispositivoDeControle.cs","sim"
"MoveAsset","a0e25a1bc86a0174292882cd2b3757dd","Assets/Scripts/GlifoDeControle.cs","Assets/_Project/Scripts/Input/GlifoDeControle.cs","sim"
"MoveAsset","bc624c1cd09b8bd47a48ec39224d4472","Assets/Scripts/MobileControlsManager.cs","Assets/_Project/Scripts/Input/MobileControlsManager.cs","sim"
"MoveAsset","481b6f8fc63129541984f0eb9c9d9bba","Assets/Scripts/MobileHUDController.cs","Assets/_Project/Scripts/Input/MobileHUDController.cs","sim"
"MoveAsset","e4c03f9b90b78ad40a505f6c03f55988","Assets/Scripts/MobileUIManager.cs","Assets/_Project/Scripts/Input/MobileUIManager.cs","sim"
"MoveAsset","29b7cc5f79039f8478fa0a12ea05b199","Assets/Scripts/MouseManager.cs","Assets/_Project/Scripts/Input/MouseManager.cs","sim"
"MoveAsset","3d8f7fd50b1ec6d49b1f88ca8ff49995","Assets/Scripts/DoorInteractable.cs","Assets/_Project/Scripts/Interaction/DoorInteractable.cs","sim"
"MoveAsset","85dbd5b80a60639458ab4bb28223ae12","Assets/Scripts/IInteractable.cs","Assets/_Project/Scripts/Interaction/IInteractable.cs","sim"
"MoveAsset","ce92dce80394ca14a9e848764a53f50f","Assets/Scripts/LootInteractable.cs","Assets/_Project/Scripts/Interaction/LootInteractable.cs","sim"
"MoveAsset","8a9f50cb7b3d2fd4cb62eba3a99fffa0","Assets/Scripts/PressInteractable.cs","Assets/_Project/Scripts/Interaction/PressInteractable.cs","sim"
"MoveAsset","c68d40a4112cd1940b92a6ccfcf0e822","Assets/Scripts/PromptDeInteracao.cs","Assets/_Project/Scripts/Interaction/PromptDeInteracao.cs","sim"
"MoveAsset","834b08dd932996c4289f2fc810dc42f5","Assets/Scripts/TableInteractable.cs","Assets/_Project/Scripts/Interaction/TableInteractable.cs","sim"
"MoveAsset","57d48110afd5bde4eaf2d9cb97b367a7","Assets/Scripts/TrapdoorInteractable.cs","Assets/_Project/Scripts/Interaction/TrapdoorInteractable.cs","sim"
"MoveAsset","b89726e26df180c478c156b722e014b4","Assets/Scripts/BotaoFecharInventario.cs","Assets/_Project/Scripts/Inventory/BotaoFecharInventario.cs","sim"
"MoveAsset","442d801dffb98fb4fb0dca28628a2122","Assets/Scripts/FichaDaPista.cs","Assets/_Project/Scripts/Inventory/FichaDaPista.cs","sim"
"MoveAsset","b0eaa5ea979747b39d071eaf241d47aa","Assets/Scripts/InventoryLayoutPreview.cs","Assets/_Project/Scripts/Inventory/InventoryLayoutPreview.cs","sim"
"MoveAsset","a6cc88b7924f50647bd7f9ed779cf6d1","Assets/Scripts/InventoryManager.cs","Assets/_Project/Scripts/Inventory/InventoryManager.cs","sim"
"MoveAsset","daa124a2bcbce4043846ab3905a2fb1b","Assets/Scripts/Item.cs","Assets/_Project/Scripts/Inventory/Item.cs","sim"
"MoveAsset","0de3b367f066f6a4099b0269ec98d9e9","Assets/Scripts/ItemPickupNotificationUI.cs","Assets/_Project/Scripts/Inventory/ItemPickupNotificationUI.cs","sim"
"MoveAsset","ab0150bdad6056046a9111998b1ee8d3","Assets/Scripts/UISlotHandler.cs","Assets/_Project/Scripts/Inventory/UISlotHandler.cs","sim"
"MoveAsset","38d3a40fd8b7f6b47873ddb8ab32ce5e","Assets/Scripts/@CaseData.cs","Assets/_Project/Scripts/Investigation/@CaseData.cs","sim"
"MoveAsset","8cb24d3624cab684b875372edf7d8f0b","Assets/Scripts/BibliotecaUI.cs","Assets/_Project/Scripts/Investigation/BibliotecaUI.cs","sim"
"MoveAsset","f6022f2a2c931944da3ef9a56d22722a","Assets/Scripts/CaseSelectionUI.cs","Assets/_Project/Scripts/Investigation/CaseSelectionUI.cs","sim"
"MoveAsset","fa0d4186f43375d4d94be8fa40b48fa6","Assets/Scripts/DeducaoAtiva.cs","Assets/_Project/Scripts/Investigation/DeducaoAtiva.cs","sim"
"MoveAsset","7bcff127c3ec1c141afcf378dbde7cae","Assets/Scripts/OfertaDaBiblioteca.cs","Assets/_Project/Scripts/Investigation/OfertaDaBiblioteca.cs","sim"
"MoveAsset","759c9a2dc64856848b60661cde89bb1c","Assets/Scripts/QuadroDeDeducaoUI.cs","Assets/_Project/Scripts/Investigation/QuadroDeDeducaoUI.cs","sim"
"MoveAsset","0bcfeebf603102640b34836f46e22eb6","Assets/Scripts/RegistroDaInvestigacao.cs","Assets/_Project/Scripts/Investigation/RegistroDaInvestigacao.cs","sim"
"MoveAsset","75f29fbe20117ea439325c32196e73c6","Assets/Scripts/RelogioDeInvestigacao.cs","Assets/_Project/Scripts/Investigation/RelogioDeInvestigacao.cs","sim"
"MoveAsset","417197f154082fb418e762ceb44d4036","Assets/Scripts/BotaoMisturarEstado.cs","Assets/_Project/Scripts/Press/BotaoMisturarEstado.cs","sim"
"MoveAsset","7651be7ad81e0a441bfcd900c9d868b3","Assets/Scripts/CalculadoraDePanfleto.cs","Assets/_Project/Scripts/Press/CalculadoraDePanfleto.cs","sim"
"MoveAsset","e80e01c9b764c454e9c0fac28ecea94f","Assets/Scripts/CraftingPress.cs","Assets/_Project/Scripts/Press/CraftingPress.cs","sim"
"MoveAsset","71c09e4769853304ea179cf77ac65fd0","Assets/Scripts/LinhaEditorial.cs","Assets/_Project/Scripts/Press/LinhaEditorial.cs","sim"
"MoveAsset","3e91ae6ea9990eb40ba5083f31c6eb37","Assets/Scripts/LinhaEditorialDaPrensaUI.cs","Assets/_Project/Scripts/Press/LinhaEditorialDaPrensaUI.cs","sim"
"MoveAsset","a2581bd120f010649b20a64ab7f37907","Assets/Scripts/ReceitaDeCaso.cs","Assets/_Project/Scripts/Press/ReceitaDeCaso.cs","sim"
"MoveAsset","8f9ef5f4be0bfa146bdfd05b11fb01a8","Assets/Scripts/Recipe.cs","Assets/_Project/Scripts/Press/Recipe.cs","sim"
"MoveAsset","7966450e0ddd3274d89cbc1f4f638996","Assets/Scripts/SuportesDaPrensaUI.cs","Assets/_Project/Scripts/Press/SuportesDaPrensaUI.cs","sim"
"MoveAsset","b56afd945f260c6458aa3b285beefcb4","Assets/Scripts/DestaqueDeEtapaTutorial.cs","Assets/_Project/Scripts/Tutorial/DestaqueDeEtapaTutorial.cs","sim"
"MoveAsset","5257c2bd591f43839bff85c50c66d647","Assets/Scripts/IndicadorDeEtapaTutorial.cs","Assets/_Project/Scripts/Tutorial/IndicadorDeEtapaTutorial.cs","sim"
"MoveAsset","b5b9aa55f25898548bd9806b346c4604","Assets/Scripts/TutorialManager.cs","Assets/_Project/Scripts/Tutorial/TutorialManager.cs","sim"
"MoveAsset","7a63993ab1c934444be17c1c8feb5b91","Assets/Scripts/TutorialStepUI.cs","Assets/_Project/Scripts/Tutorial/TutorialStepUI.cs","sim"
"MoveAsset","a6edec08a7e0b364e8a93d65b5c6dfb5","Assets/Scripts/AvisoNaTela.cs","Assets/_Project/Scripts/UI/AvisoNaTela.cs","sim"
"MoveAsset","958e0d1c6934e5240a23f6e54b395df5","Assets/Scripts/HudAreaSegura.cs","Assets/_Project/Scripts/UI/HudAreaSegura.cs","sim"
"MoveAsset","8a8812b7dd09f1d4da86e2307f14ef04","Assets/Scripts/HudDoRelogio.cs","Assets/_Project/Scripts/UI/HudDoRelogio.cs","sim"
"MoveAsset","238bfc6fa55cb41499a187af62c9352d","Assets/Scripts/HUDManager.cs","Assets/_Project/Scripts/UI/HUDManager.cs","sim"
"MoveAsset","dc2a78d1e85829943a9383bc6de0fbfd","Assets/Scripts/JanelasModais.cs","Assets/_Project/Scripts/UI/JanelasModais.cs","sim"
"MoveAsset","f55cf46d0eee8024fa5429e936a6f687","Assets/Scripts/MenuParallax.cs","Assets/_Project/Scripts/UI/MenuParallax.cs","sim"
"MoveAsset","48958494ba3118f4fbe0b3085cf9ea48","Assets/Scripts/MenuPrincipalManager.cs","Assets/_Project/Scripts/UI/MenuPrincipalManager.cs","sim"
"MoveAsset","329e7d04b805b284bb3e8cc98fa6008c","Assets/Scripts/PauseMenu.cs","Assets/_Project/Scripts/UI/PauseMenu.cs","sim"
"CreateFolder","1b7de90f101eb00419f88536dd4d41b1","","Assets/_Project","pasta nova"
"CreateFolder","5c51b428759348049820f683d7976388","","Assets/_Project/Art","pasta nova"
"CreateFolder","deb49038bd071a147b472785394cb104","","Assets/_Project/Art/UI","pasta nova"
"CreateFolder","c6dbf73113e30064b93e7e2a380f2545","","Assets/_Project/Input","pasta nova"
"CreateFolder","bb69be5a5f84c894499b4663f047462a","","Assets/_Project/ScriptableObjects","pasta nova"
"CreateFolder","045e0fe634278084f958639661e073f7","","Assets/_Project/Scripts/Characters","pasta nova"
"CreateFolder","eb1e9a9ffc99be542acfba3a3f341c58","","Assets/_Project/Scripts/Core","pasta nova"
"CreateFolder","ce1915237eb471449b32e30639caf47a","","Assets/_Project/Scripts/Court","pasta nova"
"CreateFolder","096c9ff8a5db874478c1d1150a82fd6b","","Assets/_Project/Scripts/Cutscenes","pasta nova"
"CreateFolder","e4f1d12328fcc4b4689b39bb46608b33","","Assets/_Project/Scripts/Dialogue","pasta nova"
"CreateFolder","77242576fd47a6a4b906449d3c1378b8","","Assets/_Project/Scripts/Input","pasta nova"
"CreateFolder","715ba0f7b286d6c479bea04095935838","","Assets/_Project/Scripts/Interaction","pasta nova"
"CreateFolder","70d46ca0d92c07744a114cc53e620fe8","","Assets/_Project/Scripts/Inventory","pasta nova"
"CreateFolder","f17af3bd483938a4ebec56a6fad40465","","Assets/_Project/Scripts/Investigation","pasta nova"
"CreateFolder","d05c4e36df8ca004499a108a14b5324b","","Assets/_Project/Scripts/Press","pasta nova"
"CreateFolder","81fea75be5055d7428e0263e801da291","","Assets/_Project/Scripts/Tutorial","pasta nova"
"CreateFolder","e3f0f86b4b74fcc4a96fcf3140f3de3b","","Assets/_Project/Scripts/UI","pasta nova"
